function,timestamp,execution_time_s,memory_mb,cpu_percent
check_mouse_movement,2025-11-21T09:59:45.443985,0.2027,0.0,0.0
check_mouse_movement,2025-11-21T09:59:46.499078,0.201,0.0,0.0
check_mouse_movement,2025-11-21T09:59:47.586422,0.202,0.0,0.0
check_mouse_movement,2025-11-21T09:59:48.641453,0.201,0.0,0.0
check_mouse_movement,2025-11-21T09:59:49.696081,0.2012,0.0,0.0
check_mouse_movement,2025-11-21T09:59:50.750979,0.2009,0.0,0.0
check_mouse_movement,2025-11-21T09:59:51.831538,0.2007,0.0,0.0
check_mouse_movement,2025-11-21T09:59:52.890269,0.2054,0.0,0.0
check_mouse_movement,2025-11-21T09:59:53.947136,0.2013,0.0,0.0
check_mouse_movement,2025-11-21T09:59:55.032545,0.2012,0.0,0.0
check_mouse_movement,2025-11-21T09:59:56.135356,0.2318,0.0,0.0
check_mouse_movement,2025-11-21T09:59:57.190022,0.2012,0.0,0.0
check_mouse_movement,2025-11-21T09:59:58.248391,0.2054,0.0,0.0
check_mouse_movement,2025-11-21T09:59:59.303409,0.2008,0.0,0.0
check_mouse_movement,2025-11-21T10:00:00.358155,0.2008,0.0,0.0
check_mouse_movement,2025-11-21T10:00:01.427623,0.201,0.0,0.0
check_mouse_movement,2025-11-21T10:00:02.501222,0.218,0.0,0.0
check_mouse_movement,2025-11-21T10:00:03.554964,0.201,0.0,0.0
check_mouse_movement,2025-11-21T10:00:04.609500,0.2015,0.0,0.0
check_mouse_movement,2025-11-21T10:00:05.663881,0.2009,0.0,0.0
check_mouse_movement,2025-11-21T10:00:06.720830,0.2008,0.0,0.0
check_mouse_movement,2025-11-21T10:00:07.774925,0.2008,0.0,0.0
check_mouse_movement,2025-11-21T10:00:08.850911,0.2055,0.0,0.0
check_mouse_movement,2025-11-21T10:00:09.905647,0.2005,0.0,0.0
check_mouse_movement,2025-11-21T10:00:10.961438,0.2008,0.0,0.0
check_mouse_movement,2025-11-21T10:00:12.016288,0.2012,0.0,0.0
check_mouse_movement,2025-11-21T10:00:13.070622,0.2008,0.0,0.0
check_mouse_movement,2025-11-21T10:00:14.124976,0.2009,0.0,0.0
check_mouse_movement,2025-11-21T10:00:15.178981,0.2009,0.0,0.0
check_mouse_movement,2025-11-21T10:00:16.233464,0.2012,0.0,0.0
check_mouse_movement,2025-11-21T10:00:17.288637,0.2012,0.0,0.0
check_mouse_movement,2025-11-21T10:00:18.343266,0.2009,0.0,0.0
check_mouse_movement,2025-11-21T10:00:19.403502,0.2007,0.0,0.0
check_mouse_movement,2025-11-21T10:00:20.459670,0.201,0.0,0.0
check_mouse_movement,2025-11-21T10:00:21.513997,0.201,0.0,0.0
check_mouse_movement,2025-11-21T10:00:22.569582,0.2018,0.0,0.0
check_mouse_movement,2025-11-21T10:00:23.630361,0.201,0.0,0.0
check_mouse_movement,2025-11-21T10:00:24.684440,0.2009,0.0,0.0
check_mouse_movement,2025-11-21T10:00:25.738734,0.201,0.0,0.0
check_mouse_movement,2025-11-21T10:00:26.796939,0.201,0.0,0.0
check_mouse_movement,2025-11-21T10:00:27.851510,0.2012,0.0,0.0
check_mouse_movement,2025-11-21T10:00:28.906355,0.2006,0.0,0.0
check_mouse_movement,2025-11-21T10:00:29.961836,0.2016,0.0,0.0
check_mouse_movement,2025-11-21T10:00:31.020669,0.2058,0.0,0.0
check_mouse_movement,2025-11-21T10:00:32.078760,0.2006,0.0,0.0
check_mouse_movement,2025-11-21T10:00:33.132561,0.2014,0.0,0.0
check_mouse_movement,2025-11-21T10:00:34.186580,0.201,0.0,0.0
check_mouse_movement,2025-11-21T10:00:35.243858,0.2029,0.0,0.0
check_mouse_movement,2025-11-21T10:00:36.299195,0.2005,0.0,0.0
check_mouse_movement,2025-11-21T10:00:37.353257,0.2009,0.0,0.0
analyze_typing_pattern,2025-11-21T09:59:45.796042,0.2516,0.0,0.0
analyze_typing_pattern,2025-11-21T09:59:46.858392,0.2577,0.0,0.0
analyze_typing_pattern,2025-11-21T09:59:47.938641,0.2514,0.0,0.0
analyze_typing_pattern,2025-11-21T09:59:48.992988,0.2511,0.0,0.0
analyze_typing_pattern,2025-11-21T09:59:50.048146,0.2513,0.0,0.0
analyze_typing_pattern,2025-11-21T09:59:51.129256,0.2777,0.0,0.0
analyze_typing_pattern,2025-11-21T09:59:52.183037,0.2511,0.0,0.0
analyze_typing_pattern,2025-11-21T09:59:53.243744,0.2521,0.0,0.0
analyze_typing_pattern,2025-11-21T09:59:54.329039,0.2738,0.0,0.0
analyze_typing_pattern,2025-11-21T09:59:55.384304,0.2511,0.0,0.0
analyze_typing_pattern,2025-11-21T09:59:56.486633,0.2508,0.0,0.0
analyze_typing_pattern,2025-11-21T09:59:57.541091,0.2507,0.0,0.0
analyze_typing_pattern,2025-11-21T09:59:58.599522,0.2509,0.0,0.0
analyze_typing_pattern,2025-11-21T09:59:59.654911,0.2509,0.0,0.0
analyze_typing_pattern,2025-11-21T10:00:00.716002,0.2574,0.0,0.0
analyze_typing_pattern,2025-11-21T10:00:01.780702,0.2508,0.0,0.0
analyze_typing_pattern,2025-11-21T10:00:02.852429,0.2509,0.0,0.0
analyze_typing_pattern,2025-11-21T10:00:03.906267,0.2508,0.0,0.0
analyze_typing_pattern,2025-11-21T10:00:04.960901,0.2507,0.0,0.0
analyze_typing_pattern,2025-11-21T10:00:06.018117,0.2511,0.0,0.0
analyze_typing_pattern,2025-11-21T10:00:07.072211,0.2508,0.0,0.0
analyze_typing_pattern,2025-11-21T10:00:08.128985,0.2535,0.0,0.0
analyze_typing_pattern,2025-11-21T10:00:09.203154,0.2506,0.0,0.0
analyze_typing_pattern,2025-11-21T10:00:10.257166,0.2509,0.0,0.0
analyze_typing_pattern,2025-11-21T10:00:11.312975,0.251,0.0,0.0
analyze_typing_pattern,2025-11-21T10:00:12.367669,0.251,0.0,0.0
analyze_typing_pattern,2025-11-21T10:00:13.421958,0.2507,0.0,0.0
analyze_typing_pattern,2025-11-21T10:00:14.476493,0.2509,0.0,0.0
analyze_typing_pattern,2025-11-21T10:00:15.530234,0.2507,0.0,0.0
analyze_typing_pattern,2025-11-21T10:00:16.585116,0.251,0.0,0.0
analyze_typing_pattern,2025-11-21T10:00:17.640174,0.2511,0.0,0.0
analyze_typing_pattern,2025-11-21T10:00:18.694698,0.251,0.0,0.0
analyze_typing_pattern,2025-11-21T10:00:19.754385,0.2506,0.0,0.0
analyze_typing_pattern,2025-11-21T10:00:20.810957,0.2509,0.0,0.0
analyze_typing_pattern,2025-11-21T10:00:21.865678,0.2511,0.0,0.0
analyze_typing_pattern,2025-11-21T10:00:22.927287,0.257,0.0,0.0
analyze_typing_pattern,2025-11-21T10:00:23.981654,0.2509,0.0,0.0
analyze_typing_pattern,2025-11-21T10:00:25.035854,0.2507,0.0,0.0
analyze_typing_pattern,2025-11-21T10:00:26.094069,0.2546,0.0,0.0
analyze_typing_pattern,2025-11-21T10:00:27.148504,0.2509,0.0,0.0
analyze_typing_pattern,2025-11-21T10:00:28.203538,0.2514,0.0,0.0
analyze_typing_pattern,2025-11-21T10:00:29.258107,0.2512,0.0,0.0
analyze_typing_pattern,2025-11-21T10:00:30.313243,0.2509,0.0,0.0
analyze_typing_pattern,2025-11-21T10:00:31.376712,0.2505,0.0,0.0
analyze_typing_pattern,2025-11-21T10:00:32.429770,0.2507,0.0,0.0
analyze_typing_pattern,2025-11-21T10:00:33.483874,0.251,0.0,0.0
analyze_typing_pattern,2025-11-21T10:00:34.539411,0.2524,0.0,0.0
analyze_typing_pattern,2025-11-21T10:00:35.595765,0.2512,0.0,0.0
analyze_typing_pattern,2025-11-21T10:00:36.650747,0.2509,0.0,0.0
analyze_typing_pattern,2025-11-21T10:00:37.704654,0.251,0.0,0.0
verify_captcha_solution,2025-11-21T09:59:46.197596,0.3011,0.0,0.0
verify_captcha_solution,2025-11-21T09:59:47.261327,0.3027,0.0,0.0
verify_captcha_solution,2025-11-21T09:59:48.339896,0.3007,0.0,0.0
verify_captcha_solution,2025-11-21T09:59:49.394348,0.3008,0.0,0.0
verify_captcha_solution,2025-11-21T09:59:50.449398,0.301,0.0,0.0
verify_captcha_solution,2025-11-21T09:59:51.530518,0.3009,0.0,0.0
verify_captcha_solution,2025-11-21T09:59:52.584448,0.3009,0.0,0.0
verify_captcha_solution,2025-11-21T09:59:53.645535,0.3014,0.0,0.0
verify_captcha_solution,2025-11-21T09:59:54.731072,0.3012,0.0,0.0
verify_captcha_solution,2025-11-21T09:59:55.785718,0.3007,0.0,0.0
verify_captcha_solution,2025-11-21T09:59:56.888551,0.3014,0.0,0.0
verify_captcha_solution,2025-11-21T09:59:57.942517,0.3011,0.0,0.0
verify_captcha_solution,2025-11-21T09:59:59.001968,0.3022,0.0,0.0
verify_captcha_solution,2025-11-21T10:00:00.056334,0.3009,0.0,0.0
verify_captcha_solution,2025-11-21T10:00:01.118431,0.3017,0.0,0.0
verify_captcha_solution,2025-11-21T10:00:02.182605,0.3014,0.0,0.0
verify_captcha_solution,2025-11-21T10:00:03.253449,0.3007,0.0,0.0
verify_captcha_solution,2025-11-21T10:00:04.307657,0.3007,0.0,0.0
verify_captcha_solution,2025-11-21T10:00:05.362291,0.3008,0.0,0.0
verify_captcha_solution,2025-11-21T10:00:06.419508,0.3009,0.0,0.0
verify_captcha_solution,2025-11-21T10:00:07.473888,0.3011,0.0,0.0
verify_captcha_solution,2025-11-21T10:00:08.545050,0.3088,0.0,0.0
verify_captcha_solution,2025-11-21T10:00:09.604764,0.301,0.0,0.0
verify_captcha_solution,2025-11-21T10:00:10.660299,0.3025,0.0,0.0
verify_captcha_solution,2025-11-21T10:00:11.714720,0.3014,0.0,0.0
verify_captcha_solution,2025-11-21T10:00:12.769060,0.3009,0.0,0.0
verify_captcha_solution,2025-11-21T10:00:13.823562,0.301,0.0,0.0
verify_captcha_solution,2025-11-21T10:00:14.877689,0.3008,0.0,0.0
verify_captcha_solution,2025-11-21T10:00:15.931631,0.301,0.0,0.0
verify_captcha_solution,2025-11-21T10:00:16.986864,0.3011,0.0,0.0
verify_captcha_solution,2025-11-21T10:00:18.041682,0.3008,0.0,0.0
verify_captcha_solution,2025-11-21T10:00:19.096058,0.3011,0.0,0.0
verify_captcha_solution,2025-11-21T10:00:20.158359,0.3034,0.0,0.0
verify_captcha_solution,2025-11-21T10:00:21.212353,0.3008,0.0,0.0
verify_captcha_solution,2025-11-21T10:00:22.267348,0.3012,0.0,0.0
verify_captcha_solution,2025-11-21T10:00:23.328636,0.3009,0.0,0.0
verify_captcha_solution,2025-11-21T10:00:24.383257,0.3011,0.0,0.0
verify_captcha_solution,2025-11-21T10:00:25.437568,0.3011,0.0,0.0
verify_captcha_solution,2025-11-21T10:00:26.495536,0.3008,0.0,0.0
verify_captcha_solution,2025-11-21T10:00:27.549750,0.3007,0.0,0.0
verify_captcha_solution,2025-11-21T10:00:28.605103,0.3009,0.0,0.0
verify_captcha_solution,2025-11-21T10:00:29.659533,0.301,0.0,0.0
verify_captcha_solution,2025-11-21T10:00:30.714271,0.3006,0.0,0.0
verify_captcha_solution,2025-11-21T10:00:31.777616,0.3006,0.0,0.0
verify_captcha_solution,2025-11-21T10:00:32.830867,0.3006,0.0,0.0
verify_captcha_solution,2025-11-21T10:00:33.885042,0.3007,0.0,0.0
verify_captcha_solution,2025-11-21T10:00:34.940303,0.3006,0.0,0.0
verify_captcha_solution,2025-11-21T10:00:35.998211,0.3013,0.0,0.0
verify_captcha_solution,2025-11-21T10:00:37.052020,0.3011,0.0,0.0
verify_captcha_solution,2025-11-21T10:00:38.105756,0.3005,0.0,0.0
