Building_Name,Block_Code,Department,Room_Type,Room_Name,Faculty_Name,Designation,Contact,Floor_No,Landmark,Notes,Special_Guidance,Query Sample ,text_chunk
Main Academic Block,A,-,Cabin,Principal Office,Ramesh K,Principal,RameshK@college.ac.in,0,Near old canteen,Available 10 AM–4 PM,Academic development,,"Ramesh K, Principal at - department, sits in Principal Office (Cabin) located in Main Academic Block Block A, Floor 0. Landmark: Near old canteen. Notes: Available 10 AM–4 PM. Special Guidance: Academic development."
Main Academic Block,A,-,Cabin ,Director office,G.Venkatesh,Director,GVenkatesh @college.ac.in,0,"Next to Principal Office,near main gate",Available 10 AM–4 PM,Academic development,,"G.Venkatesh, Director at - department, sits in Director office (Cabin ) located in Main Academic Block Block A, Floor 0. Landmark: Next to Principal Office,near main gate. Notes: Available 10 AM–4 PM. Special Guidance: Academic development."
CSE Department,CSE,Computer Science,-,-,-,-,-,Not Specified,"Near gallery, behind principal office",CSE building,,,"-, - at Computer Science department, sits in - (-) located in CSE Department Block CSE, Floor Not Specified. Landmark: Near gallery, behind principal office. Notes: CSE building. Special Guidance: nan."
CSE Block,CSE,Computer Science,Single cabin,CSE HOD cabin,Dr.Bhagat Raj,CSE HOD,BhagatRaj@college.ac.in,0,Ground floor in CSE dept,Available 10 AM-4 PM,"Cse, faculty, programming",,"Dr.Bhagat Raj, CSE HOD at Computer Science department, sits in CSE HOD cabin (Single cabin) located in CSE Block Block CSE, Floor 0. Landmark: Ground floor in CSE dept. Notes: Available 10 AM-4 PM. Special Guidance: Cse, faculty, programming."
CSE Block,CSE,Computer Science,Staff room,Room.No.105,Prof. Tisca Chopra,Faculty,TiscaChopra@college.ac.in,1,Near Lab 104,Free only in short or lunch break,"Projects, research, guidelines",,"Prof. Tisca Chopra, Faculty at Computer Science department, sits in Room.No.105 (Staff room) located in CSE Block Block CSE, Floor 1. Landmark: Near Lab 104. Notes: Free only in short or lunch break. Special Guidance: Projects, research, guidelines."
CSE Block,CSE,Computer Science,Staff room,Room.No.105,Prof. Subramanian,Faculty,Subramanian@college.ac.in,1,Next to lab 104,Available 10 AM-4 PM,Notes and Assignements,,"Prof. Subramanian, Faculty at Computer Science department, sits in Room.No.105 (Staff room) located in CSE Block Block CSE, Floor 1. Landmark: Next to lab 104. Notes: Available 10 AM-4 PM. Special Guidance: Notes and Assignements."
CSE Block,CSE,Computer Science,Staff room,Room.No.105,Prof. Vetrivel,Faculty,Vetrivel@college.ac.in,1,First cabin in 105,Doubts to be mailed only,"Tech events, competitions, hackathons",,"Prof. Vetrivel, Faculty at Computer Science department, sits in Room.No.105 (Staff room) located in CSE Block Block CSE, Floor 1. Landmark: First cabin in 105. Notes: Doubts to be mailed only. Special Guidance: Tech events, competitions, hackathons."
CSE Block,CSE,Computer Science,Staff room,Room.No.205,Prof. G Kempegowda,Faculty,GKempegowda@college.ac.in,2,Near the lift,For doubts and notes call 080-454453,"Projects, research, guidelines",,"Prof. G Kempegowda, Faculty at Computer Science department, sits in Room.No.205 (Staff room) located in CSE Block Block CSE, Floor 2. Landmark: Near the lift. Notes: For doubts and notes call 080-454453. Special Guidance: Projects, research, guidelines."
CSE Block,CSE,Computer Science,Staff room,Room.No.205,Prof. Rajesh Sharma,Faculty,RajeshSharma@college.ac.in,2,Near the lift,Available 10 AM-2 PM,"Ai, machine learning, deep learning",,"Prof. Rajesh Sharma, Faculty at Computer Science department, sits in Room.No.205 (Staff room) located in CSE Block Block CSE, Floor 2. Landmark: Near the lift. Notes: Available 10 AM-2 PM. Special Guidance: Ai, machine learning, deep learning."
CSE Block,CSE,Computer Science,Staff room,Room.No.205,Prof. Debolina Roy,Faculty,DebolinaRoy@college.ac.in,2,First cabin in 205,"Free only on Monday,Tuesday and Friday",Motivation and Self development,,"Prof. Debolina Roy, Faculty at Computer Science department, sits in Room.No.205 (Staff room) located in CSE Block Block CSE, Floor 2. Landmark: First cabin in 205. Notes: Free only on Monday,Tuesday and Friday. Special Guidance: Motivation and Self development."
CSE Block,CSE,Computer Science,Staff room,Room.No.305,Prof. Srushti Kulkarni,Faculty,SrushtiKulkarni@college.ac.in,3,Room after Seminar Hall,Available 10 AM -4 PM,"Ai, machine learning, deep learning",,"Prof. Srushti Kulkarni, Faculty at Computer Science department, sits in Room.No.305 (Staff room) located in CSE Block Block CSE, Floor 3. Landmark: Room after Seminar Hall. Notes: Available 10 AM -4 PM. Special Guidance: Ai, machine learning, deep learning."
CSE Block,CSE,Computer Science,Staff room,Room.No. 305,Prof. Anil Chaudhary,Faculty,AnilChaudhary@college.ac.in,3,Room after Seminar Hall,Mail for project ideas and guidelines,Motivation and Self development,,"Prof. Anil Chaudhary, Faculty at Computer Science department, sits in Room.No. 305 (Staff room) located in CSE Block Block CSE, Floor 3. Landmark: Room after Seminar Hall. Notes: Mail for project ideas and guidelines. Special Guidance: Motivation and Self development."
CSE Block,CSE,Computer Science,Staff room,Room.No. 305,Prof. Priya Gupta,Faculty,PriyaGupta@college.ac.in,3,Room after Seminar Hall,Mail for hackathons and tech events,"UI/UX matrix, Project management",,"Prof. Priya Gupta, Faculty at Computer Science department, sits in Room.No. 305 (Staff room) located in CSE Block Block CSE, Floor 3. Landmark: Room after Seminar Hall. Notes: Mail for hackathons and tech events. Special Guidance: UI/UX matrix, Project management."
ECE Department,ECE,Electronics and Communication,-,-,-,-,-,Not Specified,"Near Admission Building,Main Block ",ECE building,,,"-, - at Electronics and Communication department, sits in - (-) located in ECE Department Block ECE, Floor Not Specified. Landmark: Near Admission Building,Main Block . Notes: ECE building. Special Guidance: nan."
ECE Block,ECE,Electronics and Communication,HOD cabin,ECE HOD cabin,Dr.Shashank PR,ECE HOD,Shashank PR@college.ac.in,1,"Second Floor,next to main building",Available 10 AM-4 PM,"ECE,Embedded systems,MC",,"Dr.Shashank PR, ECE HOD at Electronics and Communication department, sits in ECE HOD cabin (HOD cabin) located in ECE Block Block ECE, Floor 1. Landmark: Second Floor,next to main building. Notes: Available 10 AM-4 PM. Special Guidance: ECE,Embedded systems,MC."
ECE Block,ECE,Electronics and Communication,Staff room,Room.No.105,Prof. Rakesh MV,Faculty,Rakesh MV@college.ac.in,1,Near the lift in ECE block,Available 10 AM-4 PM,"Microcontrollers,Analog",,"Prof. Rakesh MV, Faculty at Electronics and Communication department, sits in Room.No.105 (Staff room) located in ECE Block Block ECE, Floor 1. Landmark: Near the lift in ECE block. Notes: Available 10 AM-4 PM. Special Guidance: Microcontrollers,Analog."
ECE Block,ECE,Electronics and Communication,Staff room,Room.No.105,Prof. Prashanth,Faculty,Prashanth@college.ac.in,1,First cabin in 105,Mail for project ideas and guidelines,"AC and DC,Circuits",,"Prof. Prashanth, Faculty at Electronics and Communication department, sits in Room.No.105 (Staff room) located in ECE Block Block ECE, Floor 1. Landmark: First cabin in 105. Notes: Mail for project ideas and guidelines. Special Guidance: AC and DC,Circuits."
ECE Block,ECE,Electronics and Communication,Staff room,Room.No.205,Prof. Anupama Rao,Faculty,Anupama Rao@college.ac.in,2,Next to HI-tech lab,Tech event head in college,"notes,lab and assignements",,"Prof. Anupama Rao, Faculty at Electronics and Communication department, sits in Room.No.205 (Staff room) located in ECE Block Block ECE, Floor 2. Landmark: Next to HI-tech lab. Notes: Tech event head in college. Special Guidance: notes,lab and assignements."
ECE Block,ECE,Electronics and Communication,Staff room,Room.No.205,Prof. Koushiki R,Faculty,Koushiki R@college.ac.in,2,Next to HI-tech lab,Available 10 AM-4 PM,"hackathons, innovation, electronics fests",,"Prof. Koushiki R, Faculty at Electronics and Communication department, sits in Room.No.205 (Staff room) located in ECE Block Block ECE, Floor 2. Landmark: Next to HI-tech lab. Notes: Available 10 AM-4 PM. Special Guidance: hackathons, innovation, electronics fests."
ECE Block,ECE,Electronics and Communication,Staff room,Room.No. 205,Prof. Varun,Faculty,Varun@college.ac.in,2,Next to HI-tech lab,Available 10 AM-4 PM,"VLSI ,digital circuits",,"Prof. Varun, Faculty at Electronics and Communication department, sits in Room.No. 205 (Staff room) located in ECE Block Block ECE, Floor 2. Landmark: Next to HI-tech lab. Notes: Available 10 AM-4 PM. Special Guidance: VLSI ,digital circuits."
AIML Department,AML,AI & ML Engineering,-,-,-,-,-,Not Specified,"Near Library Building,Behind lawn",AIML Building,,,"-, - at AI & ML Engineering department, sits in - (-) located in AIML Department Block AML, Floor Not Specified. Landmark: Near Library Building,Behind lawn. Notes: AIML Building. Special Guidance: nan."
AIML Block,AML,AI & ML Engineering,HOD cabin,AIML HOD cabin,Dr. Sathvik S,AIML HOD,SathvikS@college.ac.in,0,Ground Floor of the building,Mail for project ideas,"AIML,Curriculum,notes,lab",,"Dr. Sathvik S, AIML HOD at AI & ML Engineering department, sits in AIML HOD cabin (HOD cabin) located in AIML Block Block AML, Floor 0. Landmark: Ground Floor of the building. Notes: Mail for project ideas. Special Guidance: AIML,Curriculum,notes,lab."
AIML Block,AML,AI & ML Engineering,Staff room,Room.No.105,Prof. Siddharth MK,Faculty,SiddharthMK@college.ac.in,1,Near the lift in AIML building,Available 10 AM-4 PM,"AI,ML,machine integration,RAG",,"Prof. Siddharth MK, Faculty at AI & ML Engineering department, sits in Room.No.105 (Staff room) located in AIML Block Block AML, Floor 1. Landmark: Near the lift in AIML building. Notes: Available 10 AM-4 PM. Special Guidance: AI,ML,machine integration,RAG."
AIML Block,AML,AI & ML Engineering,Staff room,Room.No.105,Prof. Lokesh K,Faculty,LokeshK@college.ac.in,1,Next to the lift in AIML building,Available 10 AM-4 PM,Pipelining and projects,,"Prof. Lokesh K, Faculty at AI & ML Engineering department, sits in Room.No.105 (Staff room) located in AIML Block Block AML, Floor 1. Landmark: Next to the lift in AIML building. Notes: Available 10 AM-4 PM. Special Guidance: Pipelining and projects."
AIML Block,AML,AI & ML Engineering,Staff room,Room.No.205,Prof. Vikram L,Faculty,VikramL@college.ac.in,1,Near the water purifier in AIML block,Barge in for new ideas and learnings,internships and placement,,"Prof. Vikram L, Faculty at AI & ML Engineering department, sits in Room.No.205 (Staff room) located in AIML Block Block AML, Floor 1. Landmark: Near the water purifier in AIML block. Notes: Barge in for new ideas and learnings. Special Guidance: internships and placement."
AIML Block,AML,AI & ML Engineering,Staff room,Room.No.205,Prof. Shyam,Faculty,Shyam@college.ac.in,1,Next to Vikram sir cabin,Available 10 AM-4 PM,"hackathon,events and tech",,"Prof. Shyam, Faculty at AI & ML Engineering department, sits in Room.No.205 (Staff room) located in AIML Block Block AML, Floor 1. Landmark: Next to Vikram sir cabin. Notes: Available 10 AM-4 PM. Special Guidance: hackathon,events and tech."
CIVIL Department ,CVL,Civil Engineering,-,-,-,-,-,Not Specified,"Adjacent to library, Near to the ground",,,,"-, - at Civil Engineering department, sits in - (-) located in CIVIL Department  Block CVL, Floor Not Specified. Landmark: Adjacent to library, Near to the ground. Notes: nan. Special Guidance: nan."
CIVIL Block,CVL,Civil Engineering,HOD cabin,CIVIL HOD cabin,Dr. Sachin Shah,CIVIL HOD,SachinShah@college.ac.in,0,Ground floor first building to the left,Mail for project ideas,"department head, administration, infrastructure planning",,"Dr. Sachin Shah, CIVIL HOD at Civil Engineering department, sits in CIVIL HOD cabin (HOD cabin) located in CIVIL Block Block CVL, Floor 0. Landmark: Ground floor first building to the left. Notes: Mail for project ideas. Special Guidance: department head, administration, infrastructure planning."
CIVIL Block,CVL,Civil Engineering,Staff room,Room.No.03,Prof.Neeresh Roy,Faculty,NeereshRoy@college.ac.in,0,Just beside the HOD cabin,Contact during college hours,"civil, tech events, exhibitions, site visits",,"Prof.Neeresh Roy, Faculty at Civil Engineering department, sits in Room.No.03 (Staff room) located in CIVIL Block Block CVL, Floor 0. Landmark: Just beside the HOD cabin. Notes: Contact during college hours. Special Guidance: civil, tech events, exhibitions, site visits."
CIVIL Block,CVL,Civil Engineering,Staff room,Room.No.04,Prof. Roshini M,Faculty,RoshiniM@college.ac.in,0,Next room after 102,Contact through department office or mail,"civil, lab, surveying, testing, materials",,"Prof. Roshini M, Faculty at Civil Engineering department, sits in Room.No.04 (Staff room) located in CIVIL Block Block CVL, Floor 0. Landmark: Next room after 102. Notes: Contact through department office or mail. Special Guidance: civil, lab, surveying, testing, materials."
CIVIL Block,CVL,Civil Engineering,Staff room,Room.No.04,Prof. Dev Dutt,Faculty,DevDutt@college.ac.in,0,Opposite to the HOD cabin,For projects and design mail soon,research and survey,,"Prof. Dev Dutt, Faculty at Civil Engineering department, sits in Room.No.04 (Staff room) located in CIVIL Block Block CVL, Floor 0. Landmark: Opposite to the HOD cabin. Notes: For projects and design mail soon. Special Guidance: research and survey."
CIVIL Block,CVL,Civil Engineering,Staff room,Room.No.05,Prof. Santosh,Faculty,Santosh@college.ac.in,0,Next room after 102,Available 10 AM-4 PM,"notes,lab and assignments",,"Prof. Santosh, Faculty at Civil Engineering department, sits in Room.No.05 (Staff room) located in CIVIL Block Block CVL, Floor 0. Landmark: Next room after 102. Notes: Available 10 AM-4 PM. Special Guidance: notes,lab and assignments."
Mechanical Department,MECH,Mechanical Engineering,-,-,-,-,-,Not Specified,Near Main Gate and Tower,,,,"-, - at Mechanical Engineering department, sits in - (-) located in Mechanical Department Block MECH, Floor Not Specified. Landmark: Near Main Gate and Tower. Notes: nan. Special Guidance: nan."
MECH Block,MECH,Mechanical Engineering,HOD cabin,MECH HOD cabin ,Dr. Vamana Rao,MECH HOD,VamanaRao@college.ac.in,1,"Above the CVL building ,first floor",If not in cabin present at project lab  in basement,"solidworks, autocad, modeling, product design",,"Dr. Vamana Rao, MECH HOD at Mechanical Engineering department, sits in MECH HOD cabin  (HOD cabin) located in MECH Block Block MECH, Floor 1. Landmark: Above the CVL building ,first floor. Notes: If not in cabin present at project lab  in basement. Special Guidance: solidworks, autocad, modeling, product design."
MECH Block,MECH,Mechanical Engineering,Staff room,Room.No.103,Prof. Vittal Rao,Faculty,VittalRao@college.ac.in,1,Next to HOD cabin,If not in cabin present in CAED lab,"robotics, mechatronics, automation",,"Prof. Vittal Rao, Faculty at Mechanical Engineering department, sits in Room.No.103 (Staff room) located in MECH Block Block MECH, Floor 1. Landmark: Next to HOD cabin. Notes: If not in cabin present in CAED lab. Special Guidance: robotics, mechatronics, automation."
MECH Block,MECH,Mechanical Engineering,Staff room,Room.No.104,Prof. Sunil L,Faculty,SunilL@college.ac.in,1,Next to HOD cabin,Projects and automation,"research, final year, innovation",,"Prof. Sunil L, Faculty at Mechanical Engineering department, sits in Room.No.104 (Staff room) located in MECH Block Block MECH, Floor 1. Landmark: Next to HOD cabin. Notes: Projects and automation. Special Guidance: research, final year, innovation."
MECH Block,MECH,Mechanical Engineering,Staff room,Room.No.105,Prof. Vinutha KL,Faculty,VinuthaKL@college.ac.in,1,Next to HOD cabin,Available 10 AM-4 PM,"practical, machines, tools, fabrication",,"Prof. Vinutha KL, Faculty at Mechanical Engineering department, sits in Room.No.105 (Staff room) located in MECH Block Block MECH, Floor 1. Landmark: Next to HOD cabin. Notes: Available 10 AM-4 PM. Special Guidance: practical, machines, tools, fabrication."
