Building_Name,Block_Code,Department,Room_Type,Room_Name,Faculty_Name,Designation,Contact,Floor_No,Landmark,Notes,Special_Guidance,Query Sample 
Main Academic Block,A,-,Cabin,Principal Office,Ramesh K,Principal,RameshK@college.ac.in,0,Near old canteen,Available 10 AM–4 PM,Academic development,
Main Academic Block,A,-,Cabin ,Director office,G.Venkatesh,Director,GVenkatesh @college.ac.in,0,"Next to Principal Office,near main gate",Available 10 AM–4 PM,Academic development,
CSE Department,CSE,Computer Science,-,-,-,-,-,Not Specified,"Near gallery, behind principal office",CSE building,N/A,
CSE Block,CSE,Computer Science,Single cabin,CSE HOD cabin,Dr.Bhagat Raj,CSE HOD,BhagatRaj@college.ac.in,0,Ground floor in CSE dept,Available 10 AM-4 PM,"Cse, faculty, programming",
CSE Block,CSE,Computer Science,Staff room,Room.No.105,Prof. Tisca Chopra,Faculty,TiscaChopra@college.ac.in,1,Near Lab 104,Free only in short or lunch break,"Projects, research, guidelines",
CSE Block,CSE,Computer Science,Staff room,Room.No.105,Prof. Subramanian,Faculty,Subramanian@college.ac.in,1,Next to lab 104,Available 10 AM-4 PM,Notes and Assignements,
CSE Block,CSE,Computer Science,Staff room,Room.No.105,Prof. Vetrivel,Faculty,Vetrivel@college.ac.in,1,First cabin in 105,Doubts to be mailed only,"Tech events, competitions, hackathons",
CSE Block,CSE,Computer Science,Staff room,Room.No.205,Prof. G Kempegowda,Faculty,GKempegowda@college.ac.in,2,Near the lift,For doubts and notes call 080-454453,"Projects, research, guidelines",
CSE Block,CSE,Computer Science,Staff room,Room.No.205,Prof. Rajesh Sharma,Faculty,RajeshSharma@college.ac.in,2,Near the lift,Available 10 AM-2 PM,"Ai, machine learning, deep learning",
CSE Block,CSE,Computer Science,Staff room,Room.No.205,Prof. Debolina Roy,Faculty,DebolinaRoy@college.ac.in,2,First cabin in 205,"Free only on Monday,Tuesday and Friday",Motivation and Self development,
CSE Block,CSE,Computer Science,Staff room,Room.No.305,Prof. Srushti Kulkarni,Faculty,SrushtiKulkarni@college.ac.in,3,Room after Seminar Hall,Available 10 AM -4 PM,"Ai, machine learning, deep learning",
CSE Block,CSE,Computer Science,Staff room,Room.No. 305,Prof. Anil Chaudhary,Faculty,AnilChaudhary@college.ac.in,3,Room after Seminar Hall,Mail for project ideas and guidelines,Motivation and Self development,
CSE Block,CSE,Computer Science,Staff room,Room.No. 305,Prof. Priya Gupta,Faculty,PriyaGupta@college.ac.in,3,Room after Seminar Hall,Mail for hackathons and tech events,"UI/UX matrix, Project management",
ECE Department,ECE,Electronics and Communication,-,-,-,-,-,Not Specified,"Near Admission Building,Main Block ",ECE building,N/A,
ECE Block,ECE,Electronics and Communication,HOD cabin,ECE HOD cabin,Dr.Shashank PR,ECE HOD,Shashank PR@college.ac.in,1,"Second Floor,next to main building",Available 10 AM-4 PM,"ECE,Embedded systems,MC",
ECE Block,ECE,Electronics and Communication,Staff room,Room.No.105,Prof. Rakesh MV,Faculty,Rakesh MV@college.ac.in,1,Near the lift in ECE block,Available 10 AM-4 PM,"Microcontrollers,Analog",
ECE Block,ECE,Electronics and Communication,Staff room,Room.No.105,Prof. Prashanth,Faculty,Prashanth@college.ac.in,1,First cabin in 105,Mail for project ideas and guidelines,"AC and DC,Circuits",
ECE Block,ECE,Electronics and Communication,Staff room,Room.No.205,Prof. Anupama Rao,Faculty,Anupama Rao@college.ac.in,2,Next to HI-tech lab,Tech event head in college,"notes,lab and assignements",
ECE Block,ECE,Electronics and Communication,Staff room,Room.No.205,Prof. Koushiki R,Faculty,Koushiki R@college.ac.in,2,Next to HI-tech lab,Available 10 AM-4 PM,"hackathons, innovation, electronics fests",
ECE Block,ECE,Electronics and Communication,Staff room,Room.No. 205,Prof. Varun,Faculty,Varun@college.ac.in,2,Next to HI-tech lab,Available 10 AM-4 PM,"VLSI ,digital circuits",
AIML Department,AML,AI & ML Engineering,-,-,-,-,-,Not Specified,"Near Library Building,Behind lawn",AIML Building,N/A,
AIML Block,AML,AI & ML Engineering,HOD cabin,AIML HOD cabin,Dr. Sathvik S,AIML HOD,SathvikS@college.ac.in,0,Ground Floor of the building,Mail for project ideas,"AIML,Curriculum,notes,lab",
AIML Block,AML,AI & ML Engineering,Staff room,Room.No.105,Prof. Siddharth MK,Faculty,SiddharthMK@college.ac.in,1,Near the lift in AIML building,Available 10 AM-4 PM,"AI,ML,machine integration,RAG",
AIML Block,AML,AI & ML Engineering,Staff room,Room.No.105,Prof. Lokesh K,Faculty,LokeshK@college.ac.in,1,Next to the lift in AIML building,Available 10 AM-4 PM,Pipelining and projects,
AIML Block,AML,AI & ML Engineering,Staff room,Room.No.205,Prof. Vikram L,Faculty,VikramL@college.ac.in,1,Near the water purifier in AIML block,Barge in for new ideas and learnings,internships and placement,
AIML Block,AML,AI & ML Engineering,Staff room,Room.No.205,Prof. Shyam,Faculty,Shyam@college.ac.in,1,Next to Vikram sir cabin,Available 10 AM-4 PM,"hackathon,events and tech",
CIVIL Department ,CVL,Civil Engineering,-,-,-,-,-,Not Specified,"Adjacent to library, Near to the ground",,N/A,
CIVIL Block,CVL,Civil Engineering,HOD cabin,CIVIL HOD cabin,Dr. Sachin Shah,CIVIL HOD,SachinShah@college.ac.in,0,Ground floor first building to the left,Mail for project ideas,"department head, administration, infrastructure planning",
CIVIL Block,CVL,Civil Engineering,Staff room,Room.No.03,Prof.Neeresh Roy,Faculty,NeereshRoy@college.ac.in,0,Just beside the HOD cabin,Contact during college hours,"civil, tech events, exhibitions, site visits",
CIVIL Block,CVL,Civil Engineering,Staff room,Room.No.04,Prof. Roshini M,Faculty,RoshiniM@college.ac.in,0,Next room after 102,Contact through department office or mail,"civil, lab, surveying, testing, materials",
CIVIL Block,CVL,Civil Engineering,Staff room,Room.No.04,Prof. Dev Dutt,Faculty,DevDutt@college.ac.in,0,Opposite to the HOD cabin,For projects and design mail soon,research and survey,
CIVIL Block,CVL,Civil Engineering,Staff room,Room.No.05,Prof. Santosh,Faculty,Santosh@college.ac.in,0,Next room after 102,Available 10 AM-4 PM,"notes,lab and assignments",
Mechanical Department,MECH,Mechanical Engineering,-,-,-,-,-,Not Specified,Near Main Gate and Tower,,N/A,
MECH Block,MECH,Mechanical Engineering,HOD cabin,MECH HOD cabin ,Dr. Vamana Rao,MECH HOD,VamanaRao@college.ac.in,1,"Above the CVL building ,first floor",If not in cabin present at project lab  in basement,"solidworks, autocad, modeling, product design",
MECH Block,MECH,Mechanical Engineering,Staff room,Room.No.103,Prof. Vittal Rao,Faculty,VittalRao@college.ac.in,1,Next to HOD cabin,If not in cabin present in CAED lab,"robotics, mechatronics, automation",
MECH Block,MECH,Mechanical Engineering,Staff room,Room.No.104,Prof. Sunil L,Faculty,SunilL@college.ac.in,1,Next to HOD cabin,Projects and automation,"research, final year, innovation",
MECH Block,MECH,Mechanical Engineering,Staff room,Room.No.105,Prof. Vinutha KL,Faculty,VinuthaKL@college.ac.in,1,Next to HOD cabin,Available 10 AM-4 PM,"practical, machines, tools, fabrication",