Class_advisor,Class A,Class B,Class C,Class D,Class E,Class F,Math_parti_scale,Sci_parti_scale,Participation_score,Week_number,Attendance_rate-scale,Assignment_rate-scale,Questions_asked,Interaction_count,Feedback_rating scaled,Engament_encode
Bhagat Raj,1,0,0,0,0,0,0.1199999999,0.3783783784,0.5359574468,2,0.8974358974,0.9642857143,0.06,4,0.5,0
Tisca Chopra ,0,1,0,0,0,0,0.44,0.2432432432,0.5710638298,1,0.05128205128,0.6071428571,0,1,0.5,1
Subramanian,0,0,1,0,0,0,0.56,0.8108108108,0.8129787234,1,0.2051282051,0.6071428571,0.19,2,1,0
G.Kempegowda ,0,0,0,1,0,0,0.08000000002,0.972972973,0.745319149,1,0.8205128205,0.07142857143,0,4,0.5625,0
Vetrivel,0,0,0,0,1,0,0.3999999999,0.5405405405,0.6704255319,2,0.8717948718,0.6071428571,0.15,6,0.75,1
Rajesh Sharma ,0,0,0,0,0,1,0.28,0.3513513514,0.5685106383,1,0.8974358974,0.5357142857,0.69,3,0.40625,1
Anil Chaudhary,1,0,0,0,0,0,1,1,1,6,0.7948717949,0.8214285714,0.4,0,0.53125,1
Debolina Roy,0,1,0,0,0,0,0.9600000001,0.7837837838,0.9093617022,1,0.2564102564,0.2857142857,0.81,4,0.3125,0
Srushti Kulkarni,0,0,1,0,0,0,0.28,0.2972972973,0.5485106383,4,0.2564102564,0.7142857143,0.01,4,0.625,0
Priya Gupta,0,0,0,1,0,0,1,0.8378378378,0.94,6,0.6923076923,1,0.07,4,0.40625,1
Bhagat Raj,0,0,0,0,1,0,0.2400000001,0.6216216216,0.6578723405,1,0.9487179487,0.4285714286,0.04,7,0.5625,2
Tisca Chopra ,0,0,0,0,0,1,0.64,0.2162162162,0.6142553192,1,0.7692307692,0.6428571429,0.73,1,0.3125,1
Subramanian,1,0,0,0,0,0,0.7599999999,0.972972973,0.9261702128,6,0.05128205128,1,0.79,5,0.78125,1
G.Kempegowda ,0,1,0,0,0,0,0.3199999999,0.8108108108,0.7491489362,2,0.6153846154,0.9285714286,0.09,8,0.21875,1
Vetrivel,0,0,1,0,0,0,0.3199999999,0.8378378378,0.7591489362,1,0.2051282051,0.1071428571,0.26,2,0.78125,0
Rajesh Sharma ,0,0,0,1,0,0,0.56,0.8378378378,0.8229787234,6,0.9230769231,0.2857142857,0.67,5,0.34375,1
Anil Chaudhary,0,0,0,0,1,0,1,1,1,3,0.8974358974,0.1785714286,0.89,1,0.59375,1
Debolina Roy,0,0,0,0,0,1,1,0.7027027027,0.89,6,0.9743589744,0.5,0.46,4,0.53125,1
Srushti Kulkarni,1,0,0,0,0,0,1,1,1,4,0.7435897436,0.6428571429,0.37,2,0.28125,0
Priya Gupta,0,1,0,0,0,0,0.92,0.5945945946,0.8287234043,6,0.8205128205,0.1071428571,0.85,3,0,0
Bhagat Raj,0,0,1,0,0,0,0,0.3243243243,0.4840425532,4,0.358974359,0.9642857143,0.03,2,0.28125,0
Tisca Chopra ,0,0,0,1,0,0,0.8800000001,0.7567567568,0.8780851064,2,0.5128205128,0.3571428571,0.68,0,0.21875,1
Subramanian,0,0,0,0,1,0,0.28,0.5135135135,0.6285106383,2,0.5384615385,0.2857142857,0.59,3,0.375,1
G.Kempegowda ,0,0,0,0,0,1,1,1,1,5,0.358974359,0.3928571429,0.12,3,0.65625,0
Vetrivel,1,0,0,0,0,0,0.3999999999,1,0.8404255319,3,0.4615384615,0.6785714286,0.15,3,0.5,1
Rajesh Sharma ,0,1,0,0,0,0,1,0.5675675676,0.84,2,0.9743589744,0.8214285714,0.39,4,0.28125,0
Anil Chaudhary,0,0,1,0,0,0,1,0.8108108108,0.93,6,0.4615384615,0.9285714286,0.01,5,0.5,1
Debolina Roy,0,0,0,1,0,0,1,0.8108108108,0.93,1,1,0.6428571429,0.34,3,0.125,1
Srushti Kulkarni,0,0,0,0,1,0,0.44,0.7837837838,0.7710638298,6,0.7179487179,0.8214285714,0.7,5,0.53125,0
Priya Gupta,0,0,0,0,0,1,0.9600000001,0.7837837838,0.9093617022,3,0.7179487179,0.6428571429,0.63,4,0.40625,0
Bhagat Raj,1,0,0,0,0,0,1,1,1,3,0.7692307692,0.2857142857,0.01,6,0.03125,1
Tisca Chopra ,0,1,0,0,0,0,0.36,0,0.4597872341,5,0.6153846154,0.3571428571,0.41,0,0.5,1
Subramanian,0,0,1,0,0,0,0.2400000001,0.1891891892,0.4978723405,3,0,0.1785714286,0.01,1,0.28125,1
G.Kempegowda ,0,0,0,1,0,0,0.64,1,0.9042553192,4,0.8974358974,0.2142857143,0.64,5,0.03125,0
Vetrivel,0,0,0,0,1,0,1,1,1,1,0.8205128205,0.6428571429,0.38,5,0.53125,1
Rajesh Sharma ,0,0,0,0,0,1,0.03999999992,0.3783783784,0.5146808511,5,0.7948717949,0.4642857143,0.01,0,0.28125,0
Anil Chaudhary,1,0,0,0,0,0,0.9600000001,0.1621621622,0.6793617022,3,0.7435897436,0.5,0.2,1,0.59375,0
Debolina Roy,0,1,0,0,0,0,1,1,1,1,0.8974358974,0.03571428571,0.83,3,0.125,1
Srushti Kulkarni,0,0,1,0,0,0,0.7599999999,0.7837837838,0.8561702128,3,0.1282051282,0.8214285714,0.88,4,0.53125,2
Priya Gupta,0,0,0,1,0,0,1,0.5945945946,0.85,4,0.8974358974,0.5357142857,0.34,2,0.625,1
Bhagat Raj,0,0,0,0,1,0,1,0.9459459459,0.98,2,0.5384615385,0.1428571429,0.77,0,0.34375,2
Tisca Chopra ,0,0,0,0,0,1,1,0.7567567568,0.91,5,0.07692307692,0.9642857143,0,3,0.65625,1
Subramanian,1,0,0,0,0,0,0.3199999999,0.7567567568,0.7291489362,3,0.4102564103,0.1428571429,0.41,1,0.1875,1
G.Kempegowda ,0,1,0,0,0,0,0.6000000001,0.6486486486,0.7636170213,1,0.4358974359,0.1428571429,0.89,0,0.53125,1
Vetrivel,0,0,1,0,0,0,0.56,0.972972973,0.8729787234,1,0.9230769231,0.3214285714,0.12,4,0.3125,0
Rajesh Sharma ,0,0,0,1,0,0,1,0.2162162162,0.71,2,0.6923076923,0.8214285714,0.53,5,0.34375,1
Anil Chaudhary,0,0,0,0,1,0,0.8800000001,0.3783783784,0.7380851064,1,0.1538461538,0.6071428571,0,2,0.09375,0
Debolina Roy,0,0,0,0,0,1,0.84,0.3783783784,0.7274468085,2,0.8974358974,0.1071428571,0.03,4,0.25,1
Srushti Kulkarni,1,0,0,0,0,0,1,0.8378378378,0.94,1,0.2307692308,0.1785714286,0.37,5,0.3125,1
Priya Gupta,0,1,0,0,0,0,0.4799999999,0.7297297297,0.7617021277,6,0.4615384615,0.25,0.06,5,0.71875,0
Bhagat Raj,0,0,1,0,0,0,0.92,0.6486486486,0.8487234043,1,0.2564102564,0.8571428571,0.33,3,0.0625,1
Tisca Chopra ,0,0,0,1,0,0,1,0.3243243243,0.75,4,0.1282051282,0.03571428571,0.53,2,0.3125,1
Subramanian,0,0,0,0,1,0,1,0.8648648649,0.95,2,0.9487179487,0.07142857143,0.37,6,0.53125,0
G.Kempegowda ,0,0,0,0,0,1,1,0.7837837838,0.92,4,0.5641025641,0.8571428571,0.23,5,0.84375,0
Vetrivel,1,0,0,0,0,0,0.56,1,0.8829787234,2,0.05128205128,0.9642857143,0.3,5,0.34375,0
Rajesh Sharma ,0,1,0,0,0,0,0.64,0.6756756757,0.7842553192,6,0.5641025641,0.1785714286,0.39,4,0.4375,2
Anil Chaudhary,0,0,1,0,0,0,0.28,0.7297297297,0.7085106383,1,0.3846153846,0.1071428571,0.1,4,0.625,1
Debolina Roy,0,0,0,1,0,0,0.8,0.1081081081,0.6168085107,1,0.641025641,0.3928571429,0.95,4,0.78125,0
Srushti Kulkarni,0,0,0,0,1,0,0.84,0.4324324324,0.7474468085,5,0.2564102564,0.9642857143,0,0,0.375,1
Priya Gupta,0,0,0,0,0,1,0.8800000001,0.8648648649,0.9180851064,3,0.8205128205,0.5,0.78,1,0.46875,0
Bhagat Raj,1,0,0,0,0,0,1,0.8378378378,0.94,3,0.3076923077,0,0.2,5,0.34375,1
Tisca Chopra ,0,1,0,0,0,0,1,1,1,3,0.358974359,0.8928571429,0.08,3,0.625,0
Subramanian,0,0,1,0,0,0,0.72,0.2702702703,0.6555319149,1,0.6666666667,0.9642857143,0.24,1,0.875,0
G.Kempegowda ,0,0,0,1,0,0,0.44,0.9459459459,0.8310638298,1,0.7435897436,0.2857142857,0.82,0,0.1875,1
Vetrivel,0,0,0,0,1,0,0.2400000001,1,0.7978723405,3,0.2564102564,0.8928571429,0.34,5,0.21875,1
Rajesh Sharma ,0,0,0,0,0,1,1,1,1,3,0.5897435897,1,0.05,3,0.65625,0
Anil Chaudhary,1,0,0,0,0,0,1,0.8108108108,0.93,3,0.6666666667,0.6071428571,0.62,1,0.4375,1
Debolina Roy,0,1,0,0,0,0,1,0.9459459459,0.98,3,0.3333333333,0.03571428571,0.3,3,0.34375,1
Srushti Kulkarni,0,0,1,0,0,0,0.72,0.4054054054,0.7055319149,1,0,0.2142857143,0.42,3,0.21875,1
Priya Gupta,0,0,0,1,0,0,0.16,1,0.7765957447,1,0.6923076923,0.8928571429,0.1,8,0.375,0
Bhagat Raj,0,0,0,0,1,0,0.3199999999,0.5945945946,0.6691489362,1,0.3333333333,0.8928571429,0.67,0,0.6875,1
Tisca Chopra ,0,0,0,0,0,1,1,0.8918918919,0.96,3,0.6923076923,0.9642857143,0.41,2,0.34375,0
Subramanian,1,0,0,0,0,0,0.7599999999,0.6486486486,0.8061702128,1,0.8717948718,0.7857142857,0.03,3,0.6875,1
G.Kempegowda ,0,1,0,0,0,0,0.36,0.1351351351,0.5097872341,1,0.9743589744,0.75,0.53,1,0.59375,0
Vetrivel,0,0,1,0,0,0,0.92,1,0.9787234043,1,0.8974358974,0.75,0.14,0,0.5625,1
Rajesh Sharma ,0,0,0,1,0,0,0.1199999999,0.5675675676,0.6059574468,2,0.2307692308,0.2857142857,0.01,5,0.5,0
Anil Chaudhary,0,0,0,0,1,0,0.92,1,0.9787234043,1,0.4871794872,0.25,0.69,4,0.53125,1
Debolina Roy,0,0,0,0,0,1,1,1,1,3,0.2564102564,0.75,0.39,1,0.03125,0
Srushti Kulkarni,1,0,0,0,0,0,0.72,0.2432432432,0.6455319149,3,0.7692307692,0.1785714286,0.04,0,0.53125,1
Priya Gupta,0,1,0,0,0,0,1,0.8918918919,0.96,1,0.6923076923,0.07142857143,0.7,8,0.4375,0
Bhagat Raj,0,0,1,0,0,0,0.03999999992,0.5675675676,0.5846808511,1,0.07692307692,0.25,0.52,7,0.5625,0
Tisca Chopra ,0,0,0,1,0,0,1,1,1,1,0.1282051282,0.8571428571,0.15,2,0.28125,2
Subramanian,0,0,0,0,1,0,0.36,0.5675675676,0.6697872341,3,0.7948717949,0.3214285714,0.72,3,0.34375,0
G.Kempegowda ,0,0,0,0,0,1,1,0.3243243243,0.75,3,0.2307692308,0.2857142857,0.53,4,0.3125,1
Vetrivel,1,0,0,0,0,0,1,0.9189189189,0.97,1,0.4871794872,0.6071428571,0.41,5,0.125,1
Rajesh Sharma ,0,1,0,0,0,0,0.28,1,0.8085106383,1,0.4871794872,0.5357142857,0.29,3,0.40625,1
Anil Chaudhary,0,0,1,0,0,0,0.7599999999,0.8378378378,0.8761702128,5,1,0.3928571429,0.33,8,0.3125,0
Debolina Roy,0,0,0,1,0,0,0.03999999992,0.7567567568,0.6546808511,2,0.4358974359,0.3928571429,0.73,2,0.46875,0
Srushti Kulkarni,0,0,0,0,1,0,0.3199999999,0.5945945946,0.6691489362,3,0.6666666667,0.2857142857,0.58,4,0.6875,1
Priya Gupta,0,0,0,0,0,1,1,1,1,6,0.7179487179,0.1071428571,0.58,3,0.15625,1
Bhagat Raj,1,0,0,0,0,0,0.64,0.5675675676,0.7442553192,2,0.5128205128,0,0.12,0,0.78125,0
Tisca Chopra ,0,1,0,0,0,0,0.6799999999,0.1351351351,0.594893617,2,0.1282051282,0.25,0.2,4,0.375,1
Subramanian,0,0,1,0,0,0,0.84,0.7837837838,0.8774468085,1,0.5641025641,0.9285714286,0.02,1,0.6875,1
G.Kempegowda ,0,0,0,1,0,0,1,1,1,5,0.2564102564,1,0.96,6,0.25,0
Vetrivel,0,0,0,0,1,0,0.72,0.7297297297,0.8255319149,6,0.1794871795,0.4642857143,0.75,1,0.28125,1
Rajesh Sharma ,0,0,0,0,0,1,0.5200000001,1,0.8723404256,2,0.5897435897,0.75,0.21,3,0.3125,1
Anil Chaudhary,1,0,0,0,0,0,1,0.9189189189,0.97,3,0.2051282051,0.75,0.14,2,0.46875,1
Debolina Roy,0,1,0,0,0,0,1,0.5675675676,0.84,2,0.3076923077,0.4285714286,0.04,7,0.90625,2
Srushti Kulkarni,0,0,1,0,0,0,0.92,1,0.9787234043,4,0.358974359,0.8571428571,0.8,2,0.3125,0
Priya Gupta,0,0,0,1,0,0,0.6799999999,0.6216216216,0.774893617,1,0.2051282051,0.9642857143,0.86,3,0.5,0
Bhagat Raj,0,0,0,0,1,0,0.2400000001,0.8378378378,0.7378723405,6,0.1025641026,0.9642857143,0,3,0.78125,0
Tisca Chopra ,0,0,0,0,0,1,0.64,0.2972972973,0.6442553192,3,0.4615384615,1.035714286,0,7,0.28125,1
Subramanian,1,0,0,0,0,0,0.84,0.6216216216,0.8174468085,1,0.9743589744,0.4285714286,0.18,3,0.25,1
G.Kempegowda ,0,1,0,0,0,0,1,0.6486486486,0.87,5,0.7435897436,0.2142857143,0.86,4,0.59375,0
Vetrivel,0,0,1,0,0,0,0.72,1,0.9255319149,5,0.9230769231,1,0.12,2,0.4375,2
Rajesh Sharma ,0,0,0,1,0,0,0.44,0.1081081081,0.5210638298,2,0.2820512821,0.1428571429,0,2,0.4375,0
Anil Chaudhary,0,0,0,0,1,0,0.5200000001,0.2432432432,0.5923404256,1,0.3333333333,0.2857142857,0,1,0.15625,1
Debolina Roy,0,0,0,0,0,1,0.9600000001,0.972972973,0.9793617022,1,0.7692307692,0.1428571429,0.64,1,0.96875,1
Srushti Kulkarni,1,0,0,0,0,0,0.8800000001,0.8648648649,0.9180851064,2,0.4615384615,0,0.11,3,0.125,0
Priya Gupta,0,1,0,0,0,0,0.92,0.9459459459,0.9587234043,4,0.6666666667,0.25,0.22,4,0.53125,1
Bhagat Raj,0,0,1,0,0,0,0.9600000001,0.2972972973,0.7293617022,1,0.641025641,0.2857142857,0.05,5,0.21875,1
Tisca Chopra ,0,0,0,1,0,0,1,0.4864864865,0.81,5,0.9230769231,0.3928571429,0.37,1,0.40625,1
Subramanian,0,0,0,0,1,0,0.1199999999,0.02702702703,0.4059574468,3,0.8974358974,0.7142857143,0.43,6,0.65625,0
G.Kempegowda ,0,0,0,0,0,1,0.8,0.4054054054,0.7268085107,4,0.3846153846,0.1428571429,0,2,0.15625,0
Vetrivel,1,0,0,0,0,0,1,0.5945945946,0.85,2,0.4871794872,0.07142857143,0.37,1,0.15625,0
Rajesh Sharma ,0,1,0,0,0,0,1,0.7027027027,0.89,4,0.6153846154,0,0.06,0,0.5625,0
Anil Chaudhary,0,0,1,0,0,0,0.3999999999,0.4864864865,0.6504255319,1,0.02564102564,0.8214285714,0.01,0,0.71875,1
Debolina Roy,0,0,0,1,0,0,0.8,0.7567567568,0.8568085107,1,0.1794871795,0.4642857143,0.42,1,0.625,1
Srushti Kulkarni,0,0,0,0,1,0,0.2400000001,1,0.7978723405,1,0.8205128205,0.1071428571,0.56,1,0.4375,0
Priya Gupta,0,0,0,0,0,1,0.6000000001,0.2432432432,0.6136170213,4,0.9487179487,0.25,0.12,2,0.28125,1
Bhagat Raj,1,0,0,0,0,0,-0.7600000001,0.6756756757,0.4119148936,2,0.2051282051,0.7857142857,0.28,4,0.625,0
Tisca Chopra ,0,1,0,0,0,0,1,0.9459459459,0.98,2,0.8974358974,0.9642857143,0.15,0,0.1875,1
Subramanian,0,0,1,0,0,0,0.03999999992,0.4864864865,0.5546808511,2,0.8461538462,0.6785714286,0.08,0,0.25,1
G.Kempegowda ,0,0,0,1,0,0,0.92,0.5405405405,0.8087234043,1,0.6666666667,0.6428571429,0.06,2,0.125,1
Vetrivel,0,0,0,0,1,0,0.5200000001,0.5675675676,0.7123404256,1,0.9743589744,0.1428571429,0.33,2,0.40625,0
Rajesh Sharma ,0,0,0,0,0,1,0.28,0.5675675676,0.6485106383,3,0.6153846154,0.3214285714,0.01,2,0.375,1
Anil Chaudhary,1,0,0,0,0,0,0.64,1,0.9042553192,5,0.4871794872,0.6428571429,0.02,4,0.1875,1
Debolina Roy,0,1,0,0,0,0,1,1,1,2,0.7179487179,0.07142857143,0.35,0,0.28125,0
Srushti Kulkarni,0,0,1,0,0,0,0.8,0.5405405405,0.7768085107,1,1,0.2142857143,0.16,3,0.0625,0
Priya Gupta,0,0,0,1,0,0,-0.44,0.5135135135,0.4370212766,2,0.1282051282,0.8214285714,0.63,8,0.34375,0
Bhagat Raj,0,0,0,0,1,0,1,0.3513513514,0.76,2,0.05128205128,0.8571428571,0.18,2,0.125,1
Tisca Chopra ,0,0,0,0,0,1,1,0.8378378378,0.94,2,0,0,0.37,3,0.4375,0
Subramanian,1,0,0,0,0,0,0.2400000001,1,0.7978723405,1,0.6153846154,0.3214285714,0.21,0,0.84375,1
G.Kempegowda ,0,1,0,0,0,0,0.28,0.3243243243,0.5585106383,2,0.8461538462,0.6785714286,0.06,1,0.3125,1
Vetrivel,0,0,1,0,0,0,1,0.2702702703,0.73,5,0.3846153846,0.6071428571,0,5,0.9375,0
Rajesh Sharma ,0,0,0,1,0,0,0.1199999999,0.6216216216,0.6259574468,1,0.07692307692,0.1785714286,0.11,0,0.4375,0
Anil Chaudhary,0,0,0,0,1,0,0.56,0.6486486486,0.7529787234,3,0.4102564103,0.1428571429,0.46,6,0.125,0
Debolina Roy,0,0,0,0,0,1,1,0.4594594595,0.8,2,0.4358974359,0.1071428571,0.01,7,0.53125,0
Srushti Kulkarni,1,0,0,0,0,0,1,0.8918918919,0.96,2,0.5897435897,0.2857142857,0.77,3,0.4375,1
Priya Gupta,0,1,0,0,0,0,0.7599999999,0.6216216216,0.7961702128,1,0.9487179487,0.5357142857,0.6,0,0.65625,2
Bhagat Raj,0,0,1,0,0,0,0.56,0.2972972973,0.6229787234,1,0.5897435897,0.7142857143,0.03,3,0.8125,1
Tisca Chopra ,0,0,0,1,0,0,-0.16,0.6216216216,0.5514893617,1,0.9230769231,0.3571428571,0.16,0,0.4375,1
Subramanian,0,0,0,0,1,0,0.4799999999,-0.05405405405,0.4717021277,5,1,0.8214285714,0.08,0,0.0625,0
G.Kempegowda ,0,0,0,0,0,1,0.6000000001,-0.02702702703,0.5136170213,4,0.5897435897,0.25,0.91,1,0.5625,1
Vetrivel,1,0,0,0,0,0,0.72,0.4324324324,0.7155319149,2,0.9743589744,1.035714286,0,1,0.28125,0
Rajesh Sharma ,0,1,0,0,0,0,1,1,1,4,0.4615384615,0.1785714286,0.01,1,0.40625,2
Anil Chaudhary,0,0,1,0,0,0,1,0.5675675676,0.84,6,0.07692307692,0.25,0.25,1,0.59375,1
Debolina Roy,0,0,0,1,0,0,0.9600000001,0.7567567568,0.8993617022,1,0.8974358974,-0.03571428571,0.92,4,0.59375,0
Srushti Kulkarni,0,0,0,0,1,0,0.2,0.7297297297,0.6872340426,1,0.5641025641,0.3214285714,0.39,2,0.5625,1
Priya Gupta,0,0,0,0,0,1,0.72,0.1621621622,0.6155319149,3,0.07692307692,0.03571428571,0.02,1,0.1875,0
Bhagat Raj,1,0,0,0,0,0,1,1,1,1,0.7179487179,0.4642857143,0.02,8,0.53125,1
Tisca Chopra ,0,1,0,0,0,0,0.44,0.9189189189,0.8210638298,1,0.8205128205,0.1428571429,0.54,5,0.625,0
Subramanian,0,0,1,0,0,0,0.6799999999,0.7027027027,0.804893617,1,0.9230769231,0.1428571429,0.47,3,0.34375,0
G.Kempegowda ,0,0,0,1,0,0,0.7599999999,0.9189189189,0.9061702128,1,0.05128205128,0.25,0.01,1,0.90625,1
Vetrivel,0,0,0,0,1,0,0.3999999999,0.2432432432,0.5604255319,5,0.9230769231,0.75,0.09,0,0.21875,1
Rajesh Sharma ,0,0,0,0,0,1,0.08000000002,0.8648648649,0.705319149,1,0.2820512821,0.25,0.02,3,0.59375,0
Anil Chaudhary,1,0,0,0,0,0,1,0.7567567568,0.91,5,0.8717948718,0.5714285714,0.95,2,0.59375,0
Debolina Roy,0,1,0,0,0,0,1,0.3243243243,0.75,1,0.3333333333,0.7857142857,0.15,0,0.40625,1
Srushti Kulkarni,0,0,1,0,0,0,0.72,0.6756756757,0.8055319149,2,0.5128205128,0.1071428571,0,1,0.75,0
Priya Gupta,0,0,0,1,0,0,0.56,0.8378378378,0.8229787234,3,0.5641025641,0.2857142857,0.4,0,0.875,2
Bhagat Raj,0,0,0,0,1,0,0.03999999992,1,0.7446808511,4,0.358974359,0.5714285714,0.25,2,0.3125,0
Tisca Chopra ,0,0,0,0,0,1,0.6000000001,0.3243243243,0.6436170213,1,0.7948717949,0.3928571429,0,3,0.34375,1
Subramanian,1,0,0,0,0,0,1,0.5405405405,0.83,6,1,0.5714285714,0.69,4,0.78125,1
G.Kempegowda ,0,1,0,0,0,0,0.9600000001,1,0.9893617022,3,0.9230769231,1,0.81,5,0.25,1
Vetrivel,0,0,1,0,0,0,0.4799999999,0.4054054054,0.6417021277,2,0.5897435897,0.07142857143,0.13,2,0.34375,2
Rajesh Sharma ,0,0,0,1,0,0,0.64,1,0.9042553192,3,0,0.25,0.2,3,0.15625,2
Anil Chaudhary,0,0,0,0,1,0,0.1199999999,1,0.7659574468,2,0.9743589744,0.6785714286,0.58,7,0.375,0
Debolina Roy,0,0,0,0,0,1,0.7599999999,0.4324324324,0.7261702128,3,0.3076923077,0.4285714286,0.22,3,0.46875,0
Srushti Kulkarni,1,0,0,0,0,0,0.8,0.7567567568,0.8568085107,5,0.6153846154,0.1785714286,0.42,0,0.5625,0
Priya Gupta,0,1,0,0,0,0,0.2,0.4864864865,0.5972340426,4,0.6666666667,1,0.05,4,0.46875,0
Bhagat Raj,0,0,1,0,0,0,1,1,1,4,0.1538461538,0.7142857143,0.33,2,0.34375,1
Tisca Chopra ,0,0,0,1,0,0,1,0.9459459459,0.98,6,0.8974358974,0.3928571429,0.1,8,0.46875,0
Subramanian,0,0,0,0,1,0,0.9600000001,0.6756756757,0.8693617022,6,0.7435897436,0.5,0,3,0.28125,0
G.Kempegowda ,0,0,0,0,0,1,0.3199999999,0.6486486486,0.6891489362,6,0.9743589744,0.9285714286,0,7,0.25,2
Vetrivel,1,0,0,0,0,0,0,0.1621621622,0.4240425532,1,0.4871794872,0.8571428571,0.6,5,0.03125,0
Rajesh Sharma ,0,1,0,0,0,0,0.9600000001,1,0.9893617022,1,0.9743589744,0.6071428571,0.61,0,0.53125,0
Anil Chaudhary,0,0,1,0,0,0,1,0.2432432432,0.72,2,0.5641025641,0.3214285714,0.5,5,0.5,2
Debolina Roy,0,0,0,1,0,0,1,0.5945945946,0.85,1,0.9230769231,1.035714286,0.16,4,0.4375,0
Srushti Kulkarni,0,0,0,0,1,0,1,1,1,5,0.6153846154,0.6785714286,0.04,5,0.34375,1
Priya Gupta,0,0,0,0,0,1,0.2400000001,0.5405405405,0.6278723405,2,0.7435897436,0.9285714286,0.03,0,0.0625,1
Bhagat Raj,1,0,0,0,0,0,0.44,1,0.8510638298,3,0.5641025641,0.6428571429,0.2,0,0.09375,1
Tisca Chopra ,0,1,0,0,0,0,1,1,1,2,0.2564102564,0.3214285714,0,7,0.46875,1
Subramanian,0,0,1,0,0,0,0.2400000001,0.5135135135,0.6178723405,1,0.02564102564,0.5,0.81,2,0.1875,0
G.Kempegowda ,0,0,0,1,0,0,1,0.5135135135,0.82,3,0.3333333333,0.9642857143,0.78,5,0.5,1
Vetrivel,0,0,0,0,1,0,1,1,1,2,0.3846153846,0.8928571429,0.96,8,0.625,1
Rajesh Sharma ,0,0,0,0,0,1,1,0.1891891892,0.7,1,0.9230769231,0.4285714286,0.85,5,0.25,0
Anil Chaudhary,1,0,0,0,0,0,1,0.6486486486,0.87,3,0.6153846154,0.9642857143,0.06,0,0.1875,0
Debolina Roy,0,1,0,0,0,0,0.6799999999,0.5945945946,0.764893617,4,0.02564102564,0.07142857143,0.04,4,0.71875,0
Srushti Kulkarni,0,0,1,0,0,0,0.6799999999,0.2972972973,0.654893617,1,0.3846153846,0.3571428571,0.1,8,0.46875,1
Priya Gupta,0,0,0,1,0,0,0.92,0.972972973,0.9687234043,4,0.4358974359,0.2142857143,0.03,5,0.6875,1
Bhagat Raj,0,0,0,0,1,0,0.36,0.3243243243,0.5797872341,2,0.05128205128,0.3571428571,0.28,7,0.09375,0
Tisca Chopra ,0,0,0,0,0,1,0.84,0.3513513514,0.7174468085,1,0.1794871795,0.6428571429,0.75,4,0.3125,0
Subramanian,1,0,0,0,0,0,1,1,1,1,0.9487179487,0.6071428571,0.14,5,0.0625,0
G.Kempegowda ,0,1,0,0,0,0,0.2,0.6216216216,0.6472340426,3,0.2820512821,0.9642857143,0.63,4,0.1875,2
Vetrivel,0,0,1,0,0,0,0.84,0.8648648649,0.9074468085,1,0.358974359,0.9285714286,0.06,1,0.8125,1
Rajesh Sharma ,0,0,0,1,0,0,-0.1200000001,0.6486486486,0.5721276596,3,0.5128205128,0.1071428571,0.25,5,0.1875,0
Anil Chaudhary,0,0,0,0,1,0,1,1,1,3,0.1538461538,0.6428571429,0.03,5,0.5,1
Debolina Roy,0,0,0,0,0,1,0.4799999999,1,0.8617021277,5,0.07692307692,0.8571428571,0.06,1,0.28125,1
Srushti Kulkarni,1,0,0,0,0,0,0.2,0.7837837838,0.7072340426,6,0.8461538462,0.3571428571,0.3,2,0.09375,0
Priya Gupta,0,1,0,0,0,0,0.16,0.5675675676,0.6165957447,4,0.641025641,0.03571428571,0.48,3,0.34375,0
Bhagat Raj,0,0,1,0,0,0,0.03999999992,0.8378378378,0.6846808511,1,0.2564102564,-0.03571428571,0.17,4,0.6875,0
Tisca Chopra ,0,0,0,1,0,0,-0.4000000001,0.6756756757,0.5076595745,5,0.1025641026,1.035714286,0.04,4,0.1875,1
Subramanian,0,0,0,0,1,0,0.92,0.8918918919,0.9387234043,1,0.9487179487,0.6428571429,0.54,2,0.40625,1
G.Kempegowda ,0,0,0,0,0,1,0.9600000001,0.9459459459,0.9693617022,6,0.7692307692,0.2857142857,0.59,2,0.15625,0
Vetrivel,1,0,0,0,0,0,0.3999999999,0.5135135135,0.6604255319,1,0.9487179487,0.7857142857,0.04,5,0.03125,0
Rajesh Sharma ,0,1,0,0,0,0,1,1,1,5,0.9743589744,0.6428571429,0.49,0,0.53125,1
Anil Chaudhary,0,0,1,0,0,0,0.84,0.5135135135,0.7774468085,6,0.5897435897,1.035714286,0.9,7,0.625,0
Debolina Roy,0,0,0,1,0,0,1,1,1,5,0.4615384615,0.7142857143,0.27,1,0.4375,1
Srushti Kulkarni,0,0,0,0,1,0,0.5200000001,0.1621621622,0.5623404256,4,0.3076923077,0.3214285714,0.25,2,0.1875,1
Priya Gupta,0,0,0,0,0,1,0.2400000001,0.5675675676,0.6378723405,1,0.7179487179,0.6785714286,0.74,4,0.3125,0
Bhagat Raj,1,0,0,0,0,0,1,0.3783783784,0.77,2,0.1282051282,0.5,0.1,5,0.4375,2
Tisca Chopra ,0,1,0,0,0,0,1,0.8918918919,0.96,1,0.7948717949,-0.03571428571,0.14,1,0.875,0
Subramanian,0,0,1,0,0,0,0.4799999999,1,0.8617021277,1,0.7948717949,0.75,0,2,0.4375,1
G.Kempegowda ,0,0,0,1,0,0,0.4799999999,1,0.8617021277,6,0.8974358974,0.3571428571,0.03,2,0.125,0
Vetrivel,0,0,0,0,1,0,0.36,-0.05405405405,0.4397872341,2,0.8974358974,0.2857142857,0.11,5,0.1875,0
Rajesh Sharma ,0,0,0,0,0,1,0.3999999999,1,0.8404255319,3,0.4102564103,0.2857142857,0.83,4,0.90625,1
Anil Chaudhary,1,0,0,0,0,0,0.6799999999,0.6486486486,0.784893617,3,1.025641026,0.8571428571,0.18,7,0.15625,0
Debolina Roy,0,1,0,0,0,0,0.44,0.5135135135,0.6710638298,3,0.9743589744,0.5714285714,0.9,0,0.59375,0
Srushti Kulkarni,0,0,1,0,0,0,1,0.7837837838,0.92,6,0.6153846154,0.5,0.63,8,0.46875,0
Priya Gupta,0,0,0,1,0,0,1,1,1,1,0.05128205128,0.3928571429,0.21,4,0.6875,1
Bhagat Raj,0,0,0,0,1,0,0.56,0.3783783784,0.6529787234,3,0.7948717949,0.2857142857,0.52,2,0.25,0
Tisca Chopra ,0,0,0,0,0,1,0.8,0.5675675676,0.7868085107,6,0.358974359,0.8214285714,0.27,2,0.65625,0
Subramanian,1,0,0,0,0,0,0.72,0.2972972973,0.6655319149,1,1.025641026,0.9642857143,0.33,0,1,0
G.Kempegowda ,0,1,0,0,0,0,0.6000000001,0.7027027027,0.7836170213,3,0.4615384615,0.6071428571,0.43,4,0.09375,1
Vetrivel,0,0,1,0,0,0,0.3999999999,0.5675675676,0.6804255319,5,0.7948717949,0.4285714286,0.56,1,0.8125,1
Rajesh Sharma ,0,0,0,1,0,0,1,0.5675675676,0.84,6,0.9230769231,0.6428571429,0.14,4,0.65625,0
Anil Chaudhary,0,0,0,0,1,0,0.7599999999,0.5945945946,0.7861702128,3,0.3076923077,0.5,0.21,1,0.78125,1
Debolina Roy,0,0,0,0,0,1,1,1,1,3,0.07692307692,0.9642857143,0.03,3,0.59375,1
Srushti Kulkarni,1,0,0,0,0,0,0.08000000002,0.8648648649,0.705319149,1,0.3333333333,0.8214285714,0.22,3,0.65625,0
Priya Gupta,0,1,0,0,0,0,0.03999999992,0.7297297297,0.6446808511,2,0.5384615385,0.4642857143,0.6,4,0.21875,1
Bhagat Raj,0,0,1,0,0,0,0.56,0.7297297297,0.7829787234,6,0.6153846154,-0.03571428571,0.17,1,0.625,1
Tisca Chopra ,0,0,0,1,0,0,0.8800000001,0.7297297297,0.8680851064,3,1,0,0.06,1,0.40625,1
Subramanian,0,0,0,0,1,0,1,0.972972973,0.99,4,0.6153846154,0.5357142857,0.33,3,0.1875,1
G.Kempegowda ,0,0,0,0,0,1,0.6000000001,0.6216216216,0.7536170213,1,0.7948717949,0.5,0.31,2,0.3125,0
Vetrivel,1,0,0,0,0,0,0.6000000001,0.2972972973,0.6336170213,2,0.5897435897,0.07142857143,0.09,4,0.125,0
Rajesh Sharma ,0,1,0,0,0,0,1,1,1,6,0.1025641026,0.6428571429,0.04,0,0.1875,0
Anil Chaudhary,0,0,1,0,0,0,1,1,1,4,0.7692307692,0.75,0.11,5,0.59375,0
Debolina Roy,0,0,0,1,0,0,0.72,1,0.9255319149,5,0.8974358974,0.25,0.42,1,0.5,0
Srushti Kulkarni,0,0,0,0,1,0,0.92,0.8648648649,0.9287234043,1,0.7948717949,0.6428571429,0.4,5,0.21875,0
Priya Gupta,0,0,0,0,0,1,0.8,0.9189189189,0.9168085107,1,1,0.7857142857,0.11,3,0.28125,0
Bhagat Raj,1,0,0,0,0,0,0.8800000001,0.5405405405,0.7980851064,3,0.9230769231,0.03571428571,0.73,1,0.375,0
Tisca Chopra ,0,1,0,0,0,0,0.6799999999,0.8108108108,0.844893617,6,0.1538461538,1.035714286,0.78,0,0.21875,2
Subramanian,0,0,1,0,0,0,0.8,0.6486486486,0.8168085107,5,0.2307692308,0.1071428571,0.11,1,0.40625,0
G.Kempegowda ,0,0,0,1,0,0,0.16,1,0.7765957447,6,1,0.1428571429,0.01,5,0.5625,0
Vetrivel,0,0,0,0,1,0,0.36,0.2972972973,0.5697872341,1,0.02564102564,0.2142857143,0.16,4,0.1875,1
Rajesh Sharma ,0,0,0,0,0,1,0.6000000001,0.5135135135,0.7136170213,2,1.025641026,0,0.4,6,0.875,1
Anil Chaudhary,1,0,0,0,0,0,0.44,0.7837837838,0.7710638298,6,0.1538461538,0.4285714286,0.08,0,0.125,1
Debolina Roy,0,1,0,0,0,0,1,1,1,2,0.8717948718,0.4285714286,0.33,0,0.6875,0
Srushti Kulkarni,0,0,1,0,0,0,0.9600000001,0.8918918919,0.9493617022,3,0.02564102564,0.5714285714,0.04,3,0,1
Priya Gupta,0,0,0,1,0,0,1,1,1,6,0.7692307692,0.3214285714,0.61,3,0.3125,1
Bhagat Raj,0,0,0,0,1,0,1,0.4054054054,0.78,1,0.07692307692,0.1071428571,0.01,2,0.15625,0
Tisca Chopra ,0,0,0,0,0,1,0.6799999999,0.2432432432,0.634893617,5,0.1282051282,0.3214285714,0.35,0,0.28125,1
Subramanian,1,0,0,0,0,0,0.28,0.6216216216,0.6685106383,2,0.9230769231,0.7142857143,0.01,0,0.53125,0
G.Kempegowda ,0,1,0,0,0,0,0.72,0.9189189189,0.8955319149,2,0.8974358974,-0.03571428571,0.75,2,0.375,1
Vetrivel,0,0,1,0,0,0,0.72,0.5945945946,0.7755319149,1,0.8974358974,0.8571428571,0.86,0,0.84375,0
Rajesh Sharma ,0,0,0,1,0,0,0.84,0.2162162162,0.6674468085,1,0.4615384615,0.5,0.75,3,0.5,0
Anil Chaudhary,0,0,0,0,1,0,0.28,0.6756756757,0.6885106383,6,0.2307692308,0.8571428571,0.69,3,0.1875,0
Debolina Roy,0,0,0,0,0,1,0.5200000001,0.1351351351,0.5523404256,6,0.6923076923,0.9642857143,0.59,0,0.40625,1
Srushti Kulkarni,1,0,0,0,0,0,0.16,0.8918918919,0.7365957447,3,0.3076923077,0.7857142857,0,4,0.21875,0
Priya Gupta,0,1,0,0,0,0,1,0.6486486486,0.87,4,0.9230769231,0.5,0.42,5,0.75,1
Bhagat Raj,0,0,1,0,0,0,0.6799999999,0.9189189189,0.884893617,2,0.1025641026,0.2857142857,0.02,4,0.09375,0
Tisca Chopra ,0,0,0,1,0,0,0.92,1,0.9787234043,4,0.07692307692,0.2142857143,0.09,3,0.78125,1
Subramanian,0,0,0,0,1,0,0.2400000001,0.6486486486,0.6678723405,1,0.5641025641,0.1428571429,0.84,5,0.59375,0
G.Kempegowda ,0,0,0,0,0,1,0.9600000001,0.2972972973,0.7293617022,3,0.5384615385,0.1428571429,0.62,5,0.25,1
Vetrivel,1,0,0,0,0,0,0,0.2972972973,0.4740425532,1,0.8974358974,0.9642857143,0.03,7,0.25,0
Rajesh Sharma ,0,1,0,0,0,0,1,0.6486486486,0.87,2,0.8974358974,0.7142857143,0.02,3,0.5,0
Anil Chaudhary,0,0,1,0,0,0,1,1,1,3,0.5641025641,0.2857142857,0.11,0,0.6875,1
Debolina Roy,0,0,0,1,0,0,1,1,1,4,0.2820512821,0.3571428571,0.27,0,0.34375,0
Srushti Kulkarni,0,0,0,0,1,0,0.72,0.1081081081,0.5955319149,1,0.05128205128,0.7857142857,0.77,4,0.09375,0
Priya Gupta,0,0,0,0,0,1,1,0.2972972973,0.74,3,0.5128205128,1.035714286,0.75,2,0.90625,2
Bhagat Raj,1,0,0,0,0,0,0.7599999999,0.7027027027,0.8261702128,2,0.3076923077,0.4642857143,0.1,6,0.5,0
Tisca Chopra ,0,1,0,0,0,0,0.9600000001,0.7567567568,0.8993617022,4,0.4615384615,0.9285714286,0.47,3,0.65625,1
Subramanian,0,0,1,0,0,0,1,0.9459459459,0.98,3,0.05128205128,0.2142857143,0.04,1,0.25,0
G.Kempegowda ,0,0,0,1,0,0,0.8800000001,0.7837837838,0.8880851064,2,0.4871794872,1,0,5,0.0625,1
Vetrivel,0,0,0,0,1,0,1,1,1,2,0.2051282051,0.2857142857,0,6,0.5,1
Rajesh Sharma ,0,0,0,0,0,1,0.03999999992,0.5405405405,0.5746808511,1,0.1538461538,1,0.74,3,0.8125,1
Anil Chaudhary,1,0,0,0,0,0,0.1199999999,0.5945945946,0.6159574468,5,0.5384615385,0.6785714286,0.03,6,0.59375,1
Debolina Roy,0,1,0,0,0,0,0.92,0.9189189189,0.9487234043,1,0.3076923077,0.8928571429,0.3,4,0.65625,0
Srushti Kulkarni,0,0,1,0,0,0,1,0.5405405405,0.83,4,0.7948717949,0.4285714286,0.54,0,0.40625,1
Priya Gupta,0,0,0,1,0,0,0.3199999999,0.7027027027,0.7091489362,3,0.05128205128,0.25,0.68,0,0.625,1
Bhagat Raj,0,0,0,0,1,0,1,1,1,3,0.2564102564,0.6071428571,0.61,5,0.34375,0
Tisca Chopra ,0,0,0,0,0,1,1,0.9189189189,0.97,1,0.3846153846,0.3571428571,0.07,3,0.09375,1
Subramanian,1,0,0,0,0,0,1,0.2972972973,0.74,1,0.7435897436,0.1785714286,0.41,0,0.375,0
G.Kempegowda ,0,1,0,0,0,0,-0.08000000002,0.2972972973,0.4527659575,1,0.1025641026,0.7857142857,0.04,0,0.1875,1
Vetrivel,0,0,1,0,0,0,0.64,0.4594594595,0.7042553192,5,0,0.7142857143,0,4,0.34375,0
Rajesh Sharma ,0,0,0,1,0,0,0.28,0.7027027027,0.6985106383,3,0,0.2857142857,0.49,4,0.28125,1
Anil Chaudhary,0,0,0,0,1,0,0.8800000001,1,0.9680851064,5,0.6666666667,0.4642857143,0.13,4,0.59375,1
Debolina Roy,0,0,0,0,0,1,0.3199999999,1,0.8191489362,1,0.1025641026,0.6071428571,0.25,4,0.1875,1
Srushti Kulkarni,1,0,0,0,0,0,0.2400000001,0.4054054054,0.5778723405,3,0.8717948718,0.5,0,3,0.5,0
Priya Gupta,0,1,0,0,0,0,0.9600000001,1,0.9893617022,1,0.7179487179,0.07142857143,0.34,1,0.40625,1
Bhagat Raj,0,0,1,0,0,0,0.28,0.7837837838,0.7285106383,1,0.7179487179,0.1071428571,0.92,0,0.21875,1
Tisca Chopra ,0,0,0,1,0,0,0.7599999999,1,0.9361702128,6,1,0.25,0.81,3,0.125,0
Subramanian,0,0,0,0,1,0,-0.6000000001,0.972972973,0.5644680851,1,0.7435897436,0.9285714286,0.74,3,0.46875,1
G.Kempegowda ,0,0,0,0,0,1,1,1,1,5,0.8205128205,0.25,0,5,0.40625,1
Vetrivel,1,0,0,0,0,0,0.5200000001,0,0.5023404256,6,0.9487179487,0.4642857143,0.86,4,0.375,0
Rajesh Sharma ,0,1,0,0,0,0,1,0.8648648649,0.95,2,0.3076923077,0.1071428571,0,5,0.09375,1
Anil Chaudhary,0,0,1,0,0,0,1,0.6756756757,0.88,4,0.7948717949,0.1071428571,0.82,4,0.1875,1
Debolina Roy,0,0,0,1,0,0,0.28,0.9189189189,0.7785106383,3,0.4358974359,0.25,0,2,0.21875,1
Srushti Kulkarni,0,0,0,0,1,0,1,1,1,6,0.07692307692,0.7142857143,0.99,8,0.375,0
Priya Gupta,0,0,0,0,0,1,1,1,1,5,0.1025641026,0.7142857143,0.35,2,0.28125,2
Bhagat Raj,1,0,0,0,0,0,0.92,1,0.9787234043,3,0.7179487179,1.035714286,0.14,2,0.03125,0
Tisca Chopra ,0,1,0,0,0,0,0.92,0.9189189189,0.9487234043,4,0.358974359,1.035714286,0.74,1,0.46875,1
Subramanian,0,0,1,0,0,0,1,0.7297297297,0.9,3,0.1282051282,0.5,0.19,3,0.53125,1
G.Kempegowda ,0,0,0,1,0,0,0.28,0.4864864865,0.6185106383,1,0.5128205128,0.07142857143,0.01,4,0.53125,2
Vetrivel,0,0,0,0,1,0,0.3999999999,0.8648648649,0.7904255319,3,0.5897435897,0.8928571429,0.74,5,0.65625,1
Rajesh Sharma ,0,0,0,0,0,1,0.64,0.7837837838,0.8242553192,2,0.3846153846,0.7857142857,0,2,0.1875,0
Anil Chaudhary,1,0,0,0,0,0,0.4799999999,0.7567567568,0.7717021277,6,0.8974358974,0.5357142857,0.05,4,0.5,0
Debolina Roy,0,1,0,0,0,0,1,1,1,4,0.7179487179,0.2142857143,0.39,1,0.65625,1
Srushti Kulkarni,0,0,1,0,0,0,0.7599999999,0.8648648649,0.8861702128,5,0.2564102564,0,0.21,3,0.15625,1
Priya Gupta,0,0,0,1,0,0,0.03999999992,0.6756756757,0.6246808511,1,0.4871794872,0.4285714286,0.87,8,0.4375,1
Bhagat Raj,0,0,0,0,1,0,0.92,1,0.9787234043,2,0.2307692308,0.9642857143,0.44,5,0.09375,1
Tisca Chopra ,0,0,0,0,0,1,0.7599999999,1,0.9361702128,2,0.7692307692,0.3571428571,0.45,3,0.375,1
Subramanian,1,0,0,0,0,0,0.3999999999,0.9189189189,0.8104255319,1,0.5897435897,0.8571428571,0.07,8,0.59375,0
G.Kempegowda ,0,1,0,0,0,0,0.3199999999,0.9459459459,0.7991489362,4,0.02564102564,0.7142857143,0.2,1,0.09375,0
Vetrivel,0,0,1,0,0,0,1,0.9189189189,0.97,6,0.02564102564,0.25,0.13,2,0.59375,0
Rajesh Sharma ,0,0,0,1,0,0,0.08000000002,1,0.755319149,5,0.8461538462,0.1428571429,0.01,1,0.1875,0
Anil Chaudhary,0,0,0,0,1,0,1,0.4594594595,0.8,2,0.7435897436,1,0.02,3,0.5,1
Debolina Roy,0,0,0,0,0,1,1,1,1,1,0.1794871795,0.8214285714,0.34,3,0.46875,0
Srushti Kulkarni,1,0,0,0,0,0,0.28,0.1891891892,0.5085106383,1,0.7435897436,0.5,0.01,1,0.71875,1
Priya Gupta,0,1,0,0,0,0,-0.5200000001,0.6756756757,0.4757446809,1,1,0.1785714286,0.36,2,0.5,1
Bhagat Raj,0,0,1,0,0,0,0.6000000001,0.5135135135,0.7136170213,5,0.8717948718,0.5714285714,0.58,5,1.03125,1
Tisca Chopra ,0,0,0,1,0,0,0.8,0.9459459459,0.9268085107,5,1,0.5357142857,0,6,0.1875,0
Subramanian,0,0,0,0,1,0,0.2,0.6756756757,0.6672340426,4,0.5384615385,0.6071428571,0,2,0.375,1
G.Kempegowda ,0,0,0,0,0,1,0.3999999999,0.2162162162,0.5504255319,3,0.9487179487,0.2857142857,0.21,5,0.8125,0
Vetrivel,1,0,0,0,0,0,1,0.9189189189,0.97,3,0.3846153846,0.1785714286,0.67,0,0.21875,1
Rajesh Sharma ,0,1,0,0,0,0,1,0.8918918919,0.96,3,0.2564102564,0,0.01,0,0.53125,1
Anil Chaudhary,0,0,1,0,0,0,-0.04000000011,0.7027027027,0.6134042553,4,0.4871794872,0.6071428571,0.34,1,0.625,1
Debolina Roy,0,0,0,1,0,0,0.44,0.9459459459,0.8310638298,1,0.2307692308,0.8571428571,0.63,6,0.75,1
Srushti Kulkarni,0,0,0,0,1,0,0.92,1,0.9787234043,1,0.4358974359,0.4285714286,0.54,2,0.46875,1
Priya Gupta,0,0,0,0,0,1,1,0.7297297297,0.9,6,0.1282051282,0.75,0.3,0,0.8125,1
Bhagat Raj,1,0,0,0,0,0,0.9600000001,0.5945945946,0.8393617022,3,0.7435897436,0.8571428571,0.81,0,0.5,0
Tisca Chopra ,0,1,0,0,0,0,0.6000000001,0.6756756757,0.7736170213,1,1,0.4285714286,0.65,5,0.28125,1
Subramanian,0,0,1,0,0,0,0.92,0.972972973,0.9687234043,1,0.9230769231,0.8928571429,0.39,5,0.09375,1
G.Kempegowda ,0,0,0,1,0,0,1,1,1,1,0.2051282051,0.3928571429,0.67,4,0.125,1
Vetrivel,0,0,0,0,1,0,0.92,0.4324324324,0.7687234043,4,0.9487179487,0.1428571429,0.83,0,0.46875,0
Rajesh Sharma ,0,0,0,0,0,1,0.5200000001,0.9189189189,0.8423404256,1,0.5128205128,1,0.04,0,0.1875,1
Anil Chaudhary,1,0,0,0,0,0,0.84,0.2702702703,0.6874468085,3,0.9230769231,0.8571428571,0,8,0.25,1
Debolina Roy,0,1,0,0,0,0,0.36,0.2702702703,0.5597872341,3,0.9743589744,0.9642857143,0.45,1,0.5,1
Srushti Kulkarni,0,0,1,0,0,0,0.8,0.2432432432,0.6668085107,3,0.4615384615,0.75,0.01,4,0.5,0
Priya Gupta,0,0,0,1,0,0,0.3199999999,0.2702702703,0.5491489362,3,0.7692307692,0.6428571429,0.04,3,0.5,0
Bhagat Raj,0,0,0,0,1,0,0.36,0.08108108108,0.4897872341,2,0.7692307692,0.5,0.28,1,0.6875,0
Tisca Chopra ,0,0,0,0,0,1,0.9600000001,0.972972973,0.9793617022,2,0.4871794872,0.5714285714,0.91,3,0.21875,0
Subramanian,1,0,0,0,0,0,0.03999999992,0.3513513514,0.5046808511,6,0.07692307692,0.7857142857,0.03,2,0.5,2
G.Kempegowda ,0,1,0,0,0,0,0.28,0.9189189189,0.7785106383,2,0.07692307692,0.5714285714,0.06,1,0.59375,0
Vetrivel,0,0,1,0,0,0,0.7599999999,0.8648648649,0.8861702128,3,0.07692307692,0.6071428571,0.01,2,0.0625,2
Rajesh Sharma ,0,0,0,1,0,0,0.2,0.4864864865,0.5972340426,4,0.1025641026,0.4642857143,0.73,1,0.625,1
Anil Chaudhary,0,0,0,0,1,0,1,1,1,2,0.6923076923,0.75,0.01,2,0.4375,0
Debolina Roy,0,0,0,0,0,1,0.7599999999,0.8918918919,0.8961702128,5,0.2564102564,0.9642857143,0.86,7,0.53125,0
Srushti Kulkarni,1,0,0,0,0,0,0.92,0.2432432432,0.6987234043,2,0.3333333333,0.5714285714,0,2,0.625,1
Priya Gupta,0,1,0,0,0,0,0.44,1,0.8510638298,3,0.9487179487,0.3928571429,0.17,3,0.6875,1
Bhagat Raj,0,0,1,0,0,0,1,0.4054054054,0.78,4,0.2820512821,0.1785714286,0.23,5,0.71875,0
Tisca Chopra ,0,0,0,1,0,0,-0.36,0.2432432432,0.3582978724,2,0.6153846154,0.6071428571,0.17,8,0.59375,0
Subramanian,0,0,0,0,1,0,0.7599999999,0.5945945946,0.7861702128,3,0.5384615385,0.75,0.76,1,0.71875,1
G.Kempegowda ,0,0,0,0,0,1,1,0.5945945946,0.85,4,0.4615384615,0.8571428571,0.14,1,0.40625,0
Vetrivel,1,0,0,0,0,0,-0.08000000002,0.3243243243,0.4627659575,6,0.5384615385,0.5,0.05,0,0.5,0
Rajesh Sharma ,0,1,0,0,0,0,0.1199999999,0.3243243243,0.5159574468,6,0.1538461538,0.3214285714,0.03,7,0.34375,1
Anil Chaudhary,0,0,1,0,0,0,1,0.9189189189,0.97,1,0.9230769231,0.6071428571,0.45,0,0.6875,0
Debolina Roy,0,0,0,1,0,0,-0.5200000001,0.2702702703,0.3257446809,1,0.2564102564,0,0,5,0.46875,0
Srushti Kulkarni,0,0,0,0,1,0,1,0.6756756757,0.88,1,0.4358974359,0.5714285714,0.27,6,0.5,1
Priya Gupta,0,0,0,0,0,1,-0.4000000001,0.9459459459,0.6076595745,1,0.2564102564,1,0.01,3,0.8125,0
Bhagat Raj,1,0,0,0,0,0,0.8,1,0.9468085107,4,0.4615384615,0.3214285714,0.26,0,0.75,0
Tisca Chopra ,0,1,0,0,0,0,1,1,1,2,0.3846153846,0.5714285714,0.61,0,0.5,1
Subramanian,0,0,1,0,0,0,-0.28,0.5675675676,0.4995744681,1,0.8461538462,1.035714286,0.28,1,0.6875,1
G.Kempegowda ,0,0,0,1,0,0,0.2400000001,1,0.7978723405,1,0.05128205128,0.1428571429,0.64,0,0.71875,0
Vetrivel,0,0,0,0,1,0,0.92,0.5405405405,0.8087234043,1,0.4358974359,0.25,0.07,2,0.5,1
Rajesh Sharma ,0,0,0,0,0,1,1,1,1,3,0.7179487179,0.3571428571,0.97,3,0.5,0
Anil Chaudhary,1,0,0,0,0,0,0,0.7297297297,0.6340425532,6,0.6923076923,0.6071428571,0.97,7,0.25,0
Debolina Roy,0,1,0,0,0,0,-0.04000000011,0.3513513514,0.4834042553,6,0.8461538462,-0.03571428571,0.86,3,0.34375,1
Srushti Kulkarni,0,0,1,0,0,0,1,0.8648648649,0.95,4,0.7179487179,0.1071428571,0.03,0,0.3125,1
Priya Gupta,0,0,0,1,0,0,1,0.9459459459,0.98,3,0.8717948718,0.8571428571,0.33,5,0.3125,1
Bhagat Raj,0,0,0,0,1,0,0.72,0.8918918919,0.8855319149,5,0.8205128205,0.1428571429,0.87,5,0.09375,1
Tisca Chopra ,0,0,0,0,0,1,0.36,0.5945945946,0.6797872341,2,0.358974359,0.6428571429,0.04,4,0.6875,0
Subramanian,1,0,0,0,0,0,1,1,1,2,0.9743589744,0.6428571429,0.96,4,0.78125,0
G.Kempegowda ,0,1,0,0,0,0,1,0.972972973,0.99,2,0.2820512821,0.1785714286,0.12,2,0.25,1
Vetrivel,0,0,1,0,0,0,1,0.8378378378,0.94,1,0.1538461538,0.3928571429,0.69,3,0.625,1
Rajesh Sharma ,0,0,0,1,0,0,0.16,0.5135135135,0.5965957447,1,0.8974358974,0.75,0.02,0,0.34375,0
Anil Chaudhary,0,0,0,0,1,0,0.84,0.7837837838,0.8774468085,2,0.2307692308,0.6071428571,0.6,0,0.25,1
Debolina Roy,0,0,0,0,0,1,0.2,0.6486486486,0.6572340426,6,0.4102564103,0.9642857143,0.86,3,0.1875,1
Srushti Kulkarni,1,0,0,0,0,0,0.64,0.2972972973,0.6442553192,5,0.4615384615,0.8571428571,0.07,4,0.75,0
Priya Gupta,0,1,0,0,0,0,0.9600000001,1,0.9893617022,2,0.8461538462,0.8928571429,0,2,0.53125,0
Bhagat Raj,0,0,1,0,0,0,0.7599999999,0.02702702703,0.5761702128,6,0.3076923077,0.9642857143,0.23,5,0,0
Tisca Chopra ,0,0,0,1,0,0,0.6000000001,0.7837837838,0.8136170213,3,0.4102564103,1,0.91,0,0.4375,0
Subramanian,0,0,0,0,1,0,0.92,0.5945945946,0.8287234043,1,0.6923076923,0.7142857143,0.8,0,0.75,1
G.Kempegowda ,0,0,0,0,0,1,0.72,0.8378378378,0.8655319149,6,0.641025641,0.2857142857,0.58,3,0.53125,1
Vetrivel,1,0,0,0,0,0,1,0.8378378378,0.94,4,0.1538461538,0.25,0.72,0,0.21875,1
Rajesh Sharma ,0,1,0,0,0,0,1,0.5945945946,0.85,1,0.3333333333,0.4285714286,0.01,3,0.53125,1
Anil Chaudhary,0,0,1,0,0,0,0.3199999999,0.8918918919,0.7791489362,1,0.5384615385,0.5357142857,0.18,0,0.59375,1
Debolina Roy,0,0,0,1,0,0,0.92,0.7837837838,0.8987234043,4,0.2564102564,0.75,0.01,1,0.25,1
Srushti Kulkarni,0,0,0,0,1,0,0.3999999999,1,0.8404255319,3,0.9487179487,0.2142857143,0.58,2,0.125,1
Priya Gupta,0,0,0,0,0,1,-0.44,0.6216216216,0.4770212766,1,0.4871794872,0.3928571429,0.04,1,0.59375,0
Bhagat Raj,1,0,0,0,0,0,0.64,0.8378378378,0.8442553192,4,0.4871794872,0.4285714286,0.15,0,0.15625,2
Tisca Chopra ,0,1,0,0,0,0,1,0.4324324324,0.79,1,0.7948717949,1.035714286,0.57,1,0.375,0
Subramanian,0,0,1,0,0,0,-0.04000000011,0.6756756757,0.6034042553,6,0.2820512821,0,0,2,0.71875,1
G.Kempegowda ,0,0,0,1,0,0,0.28,0.3783783784,0.5785106383,3,0.7179487179,0.1428571429,1,8,0.4375,1
Vetrivel,0,0,0,0,1,0,1,0.5135135135,0.82,5,0.5384615385,0.3928571429,0.01,2,0.59375,0
Rajesh Sharma ,0,0,0,0,0,1,0.84,0.8918918919,0.9174468085,1,0.641025641,0.07142857143,0.21,3,0.5,1
Anil Chaudhary,1,0,0,0,0,0,0.56,0.5405405405,0.7129787234,5,0.358974359,0.6071428571,0.28,0,0.4375,1
Debolina Roy,0,1,0,0,0,0,0.28,0.972972973,0.7985106383,1,0.1025641026,0.5714285714,0.1,7,0.71875,1
Srushti Kulkarni,0,0,1,0,0,0,1,0.6216216216,0.86,2,0.2051282051,0.25,0.05,0,0.21875,0
Priya Gupta,0,0,0,1,0,0,0.2,1,0.7872340426,3,0.4358974359,0.8928571429,0.02,4,0.125,0
Bhagat Raj,0,0,0,0,1,0,-0.3200000001,0.3783783784,0.4189361702,3,0.8461538462,0.8571428571,0.26,3,0.46875,1
Tisca Chopra ,0,0,0,0,0,1,0.9600000001,0.6486486486,0.8593617022,5,0.6666666667,0.1428571429,0.37,8,0.46875,0
Subramanian,1,0,0,0,0,0,0.84,0.8108108108,0.8874468085,1,0.8974358974,0.5357142857,0.79,3,0.59375,0
G.Kempegowda ,0,1,0,0,0,0,0.64,0.5135135135,0.7242553192,2,0.05128205128,0.75,0.84,3,0.875,0
Vetrivel,0,0,1,0,0,0,0.44,0.7027027027,0.7410638298,5,0.5128205128,0.4642857143,0,4,0.0625,2
Rajesh Sharma ,0,0,0,1,0,0,1,0.5135135135,0.82,5,0.8974358974,0.3928571429,0.01,5,0.3125,0
Anil Chaudhary,0,0,0,0,1,0,1,1,1,5,0.641025641,0.5357142857,0.08,0,0.9375,0
Debolina Roy,0,0,0,0,0,1,1,1,1,1,0.3333333333,0.5714285714,0.99,7,0.28125,1
Srushti Kulkarni,1,0,0,0,0,0,0.8,0.7297297297,0.8468085107,3,0.4102564103,0.1785714286,0.06,1,0.75,1
Priya Gupta,0,1,0,0,0,0,1,0.9189189189,0.97,3,0.5128205128,0.6785714286,0.58,5,0.53125,1
Bhagat Raj,0,0,1,0,0,0,0.9600000001,1,0.9893617022,5,0.07692307692,0.8928571429,0.3,3,0.5625,1
Tisca Chopra ,0,0,0,1,0,0,1,0.7027027027,0.89,1,1.025641026,0.9285714286,0.52,1,0.78125,0
Subramanian,0,0,0,0,1,0,0.08000000002,0.4594594595,0.555319149,2,0.05128205128,0.3928571429,0,0,0.21875,0
G.Kempegowda ,0,0,0,0,0,1,0.9600000001,0.7297297297,0.8893617022,2,0.5641025641,0.8928571429,0.31,8,0.59375,1
Vetrivel,1,0,0,0,0,0,0.6000000001,0.5405405405,0.7236170213,3,0.4102564103,0.07142857143,0.86,3,0.71875,1
Rajesh Sharma ,0,1,0,0,0,0,0.7599999999,1,0.9361702128,2,0.6153846154,0.5357142857,0.51,3,0.34375,0
Anil Chaudhary,0,0,1,0,0,0,0.5200000001,0.6756756757,0.7523404256,1,1,0.2857142857,0.4,5,0.53125,1
Debolina Roy,0,0,0,1,0,0,0.36,1,0.8297872341,2,0.5384615385,0.4285714286,0.03,3,0.875,1
Srushti Kulkarni,0,0,0,0,1,0,1,0.9189189189,0.97,1,0.9743589744,-0.03571428571,0.1,7,0.21875,0
Priya Gupta,0,0,0,0,0,1,1,0.4864864865,0.81,5,0.7179487179,0.7142857143,0.44,5,0.5,1
Bhagat Raj,1,0,0,0,0,0,1,0.4594594595,0.8,5,0.2564102564,0.75,0.39,0,0.75,0
Tisca Chopra ,0,1,0,0,0,0,-0.4800000001,0.4864864865,0.4163829787,2,0.6666666667,0.2857142857,0.53,2,0.5625,1
Subramanian,0,0,1,0,0,0,0.6799999999,0.6486486486,0.784893617,3,0.2051282051,0.9285714286,0.3,5,0.59375,1
G.Kempegowda ,0,0,0,1,0,0,0.03999999992,0.9459459459,0.7246808511,3,0.4358974359,0.03571428571,0.96,4,0.15625,0
Vetrivel,0,0,0,0,1,0,0.28,0.9189189189,0.7785106383,2,0.8974358974,0.5714285714,0.11,3,1,1
Rajesh Sharma ,0,0,0,0,0,1,0.3199999999,0.9459459459,0.7991489362,1,0.2051282051,0.1785714286,0.35,1,0.84375,0
Anil Chaudhary,1,0,0,0,0,0,0.8,0.3513513514,0.7068085107,2,0.7948717949,0.5357142857,0.2,0,0.5,1
Debolina Roy,0,1,0,0,0,0,1,0.8378378378,0.94,4,0.02564102564,0.6785714286,0.02,1,0.3125,2
Srushti Kulkarni,0,0,1,0,0,0,1,0.6756756757,0.88,3,0.9743589744,0.4285714286,0.08,3,0.53125,0
Priya Gupta,0,0,0,1,0,0,1,0.972972973,0.99,5,0.5641025641,0.7857142857,0.1,5,0.25,0
Bhagat Raj,0,0,0,0,1,0,1,0.8108108108,0.93,1,0.1025641026,1,0.71,4,0.15625,1
Tisca Chopra ,0,0,0,0,0,1,0.1199999999,0.1351351351,0.4459574468,1,0.4358974359,0.1071428571,0.14,3,0.4375,1
Subramanian,1,0,0,0,0,0,1,1,1,2,0.4615384615,0.8928571429,0.88,3,0.1875,0
G.Kempegowda ,0,1,0,0,0,0,1,0.9189189189,0.97,5,0.5384615385,0.1428571429,0.79,5,0.21875,1
Vetrivel,0,0,1,0,0,0,0.36,0.6756756757,0.7097872341,1,0.3076923077,0.3928571429,0.82,3,0.4375,1
Rajesh Sharma ,0,0,0,1,0,0,0.8,0.8648648649,0.8968085107,2,0.7179487179,0.9642857143,0.65,4,0.25,1
Anil Chaudhary,0,0,0,0,1,0,0.36,0.5135135135,0.6497872341,5,0.2051282051,0.1071428571,0.05,1,0.4375,1
Debolina Roy,0,0,0,0,0,1,1,1,1,3,0.3076923077,0.3571428571,0.16,5,0.28125,0
Srushti Kulkarni,1,0,0,0,0,0,0.2400000001,0.5945945946,0.6478723405,2,0.6153846154,0.2142857143,0.01,4,0.40625,1
Priya Gupta,0,1,0,0,0,0,0.3999999999,0.972972973,0.8304255319,1,0.7435897436,0,0.14,4,0.25,0
Bhagat Raj,0,0,1,0,0,0,1,1,1,5,0.5641025641,0.07142857143,0.95,7,0.65625,1
Tisca Chopra ,0,0,0,1,0,0,1,1,1,3,0.5641025641,0.1071428571,0,2,0.28125,1
Subramanian,0,0,0,0,1,0,0.9600000001,0.3783783784,0.7593617022,1,0.641025641,0.6071428571,0.1,1,0.1875,1
G.Kempegowda ,0,0,0,0,0,1,1,1,1,3,0.1025641026,0.1071428571,0.08,3,0.28125,0
Vetrivel,1,0,0,0,0,0,-0.08000000002,0.3243243243,0.4627659575,3,1,0.6071428571,0.02,4,0.6875,0
Rajesh Sharma ,0,1,0,0,0,0,1,1,1,4,0.2564102564,0.6785714286,0.04,2,0.21875,1
Anil Chaudhary,0,0,1,0,0,0,-0.08000000002,0.7297297297,0.6127659575,4,0.05128205128,0.07142857143,0.63,5,0.40625,0
Debolina Roy,0,0,0,1,0,0,0.6799999999,0.5945945946,0.764893617,4,0.8717948718,0.1428571429,0.23,0,0.9375,0
Srushti Kulkarni,0,0,0,0,1,0,0.56,0.6486486486,0.7529787234,3,0.4871794872,0.6785714286,0.26,4,0.3125,0
Priya Gupta,0,0,0,0,0,1,0.8,0.2162162162,0.6568085107,5,0.4615384615,0.5714285714,0.47,4,0.125,2
Bhagat Raj,1,0,0,0,0,0,0.72,1,0.9255319149,3,0.6923076923,0.4285714286,0.65,7,0.84375,1
Tisca Chopra ,0,1,0,0,0,0,0.6000000001,0.4324324324,0.6836170213,1,0.7692307692,0,0.04,0,0.6875,0
Subramanian,0,0,1,0,0,0,1,0.7837837838,0.92,3,0.2564102564,0.5,0.44,2,0.28125,1
G.Kempegowda ,0,0,0,1,0,0,1,0.7297297297,0.9,4,0.8717948718,0.9642857143,0.21,2,0.4375,1
Vetrivel,0,0,0,0,1,0,0.3999999999,1,0.8404255319,5,0.5897435897,0.6071428571,0.01,1,0.09375,1
Rajesh Sharma ,0,0,0,0,0,1,0.28,-0.2432432432,0.3485106383,2,1,0.4285714286,0.16,4,0.125,0
Anil Chaudhary,1,0,0,0,0,0,0.72,0.4054054054,0.7055319149,1,0.5384615385,0.7142857143,0.01,0,1,1
Debolina Roy,0,1,0,0,0,0,1,0.7027027027,0.89,3,0.5897435897,0.2857142857,0.03,3,0.65625,0
Srushti Kulkarni,0,0,1,0,0,0,0.5200000001,0.8378378378,0.8123404256,5,0.8461538462,0.7142857143,0.21,4,0.28125,0
Priya Gupta,0,0,0,1,0,0,0.9600000001,1,0.9893617022,5,0.4871794872,0.9642857143,0.05,1,0.09375,0
Bhagat Raj,0,0,0,0,1,0,0,0.5405405405,0.5640425532,1,0.7948717949,0,0.09,2,0.3125,1
Tisca Chopra ,0,0,0,0,0,1,0.8800000001,1,0.9680851064,4,0.3333333333,0.7142857143,0.06,0,0.125,1
Subramanian,1,0,0,0,0,0,1,0.6756756757,0.88,1,0.9743589744,0.8214285714,0.06,5,0.4375,1
G.Kempegowda ,0,1,0,0,0,0,0.6799999999,1,0.914893617,3,0.3333333333,0.1428571429,0.61,5,0.71875,1
Vetrivel,0,0,1,0,0,0,-0.16,0.2162162162,0.4014893617,3,0.5641025641,0.6428571429,0.92,4,0.28125,1
Rajesh Sharma ,0,0,0,1,0,0,1,0.7027027027,0.89,2,0.1794871795,0.4285714286,0.87,2,0.53125,0
Anil Chaudhary,0,0,0,0,1,0,0.2400000001,1,0.7978723405,3,0.4358974359,0.8928571429,0.18,1,0.25,0
Debolina Roy,0,0,0,0,0,1,0.72,1,0.9255319149,3,0.5641025641,0.1785714286,0.87,5,0.25,1
Srushti Kulkarni,1,0,0,0,0,0,1,0.4324324324,0.79,1,0.6153846154,0.7857142857,0.01,1,0.40625,0
Priya Gupta,0,1,0,0,0,0,0.3199999999,0.5135135135,0.6391489362,3,0.2564102564,0.03571428571,0.82,0,0.40625,0
Bhagat Raj,0,0,1,0,0,0,0.6799999999,0.8918918919,0.874893617,1,0.7179487179,0.9285714286,0.91,2,0.34375,0
Tisca Chopra ,0,0,0,1,0,0,1,1,1,5,0.6153846154,0.7142857143,0.63,2,1.03125,0
Subramanian,0,0,0,0,1,0,0.8,0.4864864865,0.7568085107,1,0.3076923077,0.1071428571,0.65,3,0.59375,0
G.Kempegowda ,0,0,0,0,0,1,0.7599999999,-0.08108108108,0.5361702128,2,0.2564102564,0.2857142857,0.2,1,0.4375,1
Vetrivel,1,0,0,0,0,0,0.7599999999,0.972972973,0.9261702128,1,0.8717948718,0.03571428571,0.68,3,0.21875,0
Rajesh Sharma ,0,1,0,0,0,0,1,0.5405405405,0.83,6,0.5641025641,0.03571428571,0.99,2,0.71875,1
Anil Chaudhary,0,0,1,0,0,0,0.72,0.2162162162,0.6355319149,6,0.6666666667,0.5,0.59,7,0.59375,0
Debolina Roy,0,0,0,1,0,0,0.3999999999,-0.3513513514,0.3404255319,1,0.8974358974,0.3571428571,0.5,1,0.46875,1
Srushti Kulkarni,0,0,0,0,1,0,0.8,1,0.9468085107,4,0.4871794872,0.5357142857,0,5,0.3125,0
Priya Gupta,0,0,0,0,0,1,0.5200000001,0.7027027027,0.7623404256,6,0.5384615385,0.7142857143,0.3,4,0.53125,1
Bhagat Raj,1,0,0,0,0,0,0.3199999999,0.6756756757,0.6991489362,2,1,0.6071428571,0.1,4,0.3125,1
Tisca Chopra ,0,1,0,0,0,0,0.8,1,0.9468085107,2,0.1025641026,0.5714285714,0.17,3,0.59375,0
Subramanian,0,0,1,0,0,0,0.44,0.9189189189,0.8210638298,1,0.07692307692,0.1785714286,0.01,1,0.84375,2
G.Kempegowda ,0,0,0,1,0,0,0.5200000001,1,0.8723404256,1,0.6153846154,0.8928571429,0.24,4,0.34375,0
Vetrivel,0,0,0,0,1,0,0.36,0.05405405405,0.4797872341,1,0.9743589744,0,0.02,0,0.3125,2
Rajesh Sharma ,0,0,0,0,0,1,0.3999999999,0.4594594595,0.6404255319,1,0.9743589744,0.3571428571,0.14,4,0.6875,1
Anil Chaudhary,1,0,0,0,0,0,1,0.3243243243,0.75,3,0.9230769231,0.07142857143,0,2,0.375,1
Debolina Roy,0,1,0,0,0,0,0.03999999992,0.3513513514,0.5046808511,6,0.4871794872,0.1071428571,0.08,5,0.3125,0
Srushti Kulkarni,0,0,1,0,0,0,0.8,0.6216216216,0.8068085107,2,0.8974358974,0.8214285714,0.19,3,0.15625,1
Priya Gupta,0,0,0,1,0,0,1,1,1,1,0.02564102564,0.8214285714,0.81,2,0.21875,1
Bhagat Raj,0,0,0,0,1,0,0.72,0.6486486486,0.7955319149,6,0.7179487179,0.8214285714,0.21,3,0.5625,1
Tisca Chopra ,0,0,0,0,0,1,0.4799999999,0.972972973,0.8517021277,3,0.3076923077,0.7857142857,0.53,3,0.78125,2
Subramanian,1,0,0,0,0,0,0.2400000001,0.5945945946,0.6478723405,1,0.1282051282,0.5357142857,0.7,2,0.1875,1
G.Kempegowda ,0,1,0,0,0,0,0.8,1,0.9468085107,2,0.5384615385,0.25,0.17,4,0.09375,1
Vetrivel,0,0,1,0,0,0,0.64,0.5945945946,0.7542553192,6,0.6923076923,0.5714285714,0.65,0,0,0
Rajesh Sharma ,0,0,0,1,0,0,-0.3200000001,0.3513513514,0.4089361702,2,0.1025641026,0.3214285714,0.29,5,0.3125,1
Anil Chaudhary,0,0,0,0,1,0,1,1,1,3,0.5384615385,0,0.01,1,0.5,1
Debolina Roy,0,0,0,0,0,1,1,0.4594594595,0.8,6,0.9743589744,0.75,0.01,3,0.34375,1
Srushti Kulkarni,1,0,0,0,0,0,0.44,1,0.8510638298,2,0.4871794872,0.3928571429,0.2,0,0.53125,2
Priya Gupta,0,1,0,0,0,0,0.6799999999,0.8108108108,0.844893617,2,0.358974359,0.7857142857,0.68,4,0.46875,1
Bhagat Raj,0,0,1,0,0,0,0.72,0.2972972973,0.6655319149,1,0.07692307692,0.3214285714,0.12,0,0.375,1
Tisca Chopra ,0,0,0,1,0,0,-0.2,0.3513513514,0.4408510639,5,0.5897435897,0.8214285714,0.01,5,0.34375,1
Subramanian,0,0,0,0,1,0,0.6799999999,1,0.914893617,2,0.1025641026,0.8571428571,0.78,2,0.40625,0
G.Kempegowda ,0,0,0,0,0,1,0.08000000002,0.8108108108,0.685319149,5,0.9487179487,0.3571428571,0.01,0,0.28125,1
Vetrivel,1,0,0,0,0,0,0.5200000001,0.8108108108,0.8023404256,1,0.02564102564,0.2142857143,0.51,2,0.4375,1
Rajesh Sharma ,0,1,0,0,0,0,0.64,0.8378378378,0.8442553192,4,0.9487179487,0.7857142857,0.64,2,0.25,0
Anil Chaudhary,0,0,1,0,0,0,0.2400000001,0.7837837838,0.7178723405,2,0.1282051282,0.3928571429,0.83,3,0.53125,1
Debolina Roy,0,0,0,1,0,0,0.8,0.8378378378,0.8868085107,2,0.05128205128,0.1071428571,0.57,0,0.40625,1
Srushti Kulkarni,0,0,0,0,1,0,1,1,1,4,0.4358974359,0.3928571429,0.86,7,0.1875,1
Priya Gupta,0,0,0,0,0,1,0.7599999999,1,0.9361702128,1,1,0.3571428571,0.11,1,0.03125,1
Bhagat Raj,1,0,0,0,0,0,0.6799999999,0.5675675676,0.754893617,1,0.5641025641,0.7142857143,0.16,5,0.3125,2
Tisca Chopra ,0,1,0,0,0,0,0.36,0.4324324324,0.6197872341,1,0.1282051282,0.3571428571,0.01,1,0.375,1
Subramanian,0,0,1,0,0,0,1,1,1,3,0.5128205128,-0.03571428571,0.82,1,0.09375,1
G.Kempegowda ,0,0,0,1,0,0,0.56,0.8378378378,0.8229787234,2,0.2564102564,0.75,0.04,6,0.5,0
Vetrivel,0,0,0,0,1,0,-0.2400000001,0.8378378378,0.610212766,4,0.3076923077,0.6785714286,0.77,2,0.6875,1
Rajesh Sharma ,0,0,0,0,0,1,1,1,1,2,0.8717948718,0.6428571429,0.62,2,0.59375,1
Anil Chaudhary,1,0,0,0,0,0,0.03999999992,0.6486486486,0.6146808511,1,0.9230769231,0.7142857143,0.13,0,0.5,0
Debolina Roy,0,1,0,0,0,0,1,1,1,2,0.6153846154,0.2142857143,0.02,4,0.90625,1
Srushti Kulkarni,0,0,1,0,0,0,0.36,0.5405405405,0.6597872341,2,0.8717948718,0.8571428571,0.8,5,0.5625,2
Priya Gupta,0,0,0,1,0,0,0.5200000001,0.9189189189,0.8423404256,2,0.8205128205,0.6785714286,0.85,0,0.5625,0
Bhagat Raj,0,0,0,0,1,0,0.44,0.9459459459,0.8310638298,1,0.4871794872,0.03571428571,0,4,0.28125,1
Tisca Chopra ,0,0,0,0,0,1,1,1,1,1,0.6923076923,1.035714286,0.02,6,0.375,1
Subramanian,1,0,0,0,0,0,1,0.8108108108,0.93,1,0.2820512821,0.5714285714,0,4,0.90625,0
G.Kempegowda ,0,1,0,0,0,0,0.3999999999,0.4594594595,0.6404255319,2,0.5128205128,0.5357142857,0.22,4,0.4375,0
Vetrivel,0,0,1,0,0,0,1,0.7027027027,0.89,3,0.5897435897,-0.03571428571,0.12,3,0.625,0
Rajesh Sharma ,0,0,0,1,0,0,0.16,0.08108108108,0.4365957447,3,0.9230769231,0.9285714286,0.8,3,0.1875,0
Anil Chaudhary,0,0,0,0,1,0,0.92,0.972972973,0.9687234043,2,0.1794871795,0.5,0.93,3,0.3125,0
Debolina Roy,0,0,0,0,0,1,0.3199999999,1,0.8191489362,4,0.8461538462,0.25,0.07,5,0.03125,0
Srushti Kulkarni,1,0,0,0,0,0,1,1,1,6,0.1538461538,0.7857142857,0.17,4,0.28125,0
Priya Gupta,0,1,0,0,0,0,0.44,0.7297297297,0.7510638298,1,0.1538461538,0.2857142857,0.03,8,0.125,1
Bhagat Raj,0,0,1,0,0,0,1,1,1,5,1.025641026,0.07142857143,0.85,3,0.5,1
Tisca Chopra ,0,0,0,1,0,0,0.84,0.7837837838,0.8774468085,2,0.1025641026,-0.03571428571,0.24,0,0.125,0
Subramanian,0,0,0,0,1,0,-0.16,0.8648648649,0.6414893617,2,1.025641026,0.03571428571,0.11,5,0.8125,0
G.Kempegowda ,0,0,0,0,0,1,0.1199999999,0.3783783784,0.5359574468,2,0.3846153846,0.25,0.9,1,0.625,2
Vetrivel,1,0,0,0,0,0,0.3199999999,0.7567567568,0.7291489362,1,0.8461538462,0.8928571429,0.93,2,0.65625,0
Rajesh Sharma ,0,1,0,0,0,0,1,0.8648648649,0.95,3,0.8717948718,0.3214285714,0.97,0,0.625,1
Anil Chaudhary,0,0,1,0,0,0,0.8,0.5945945946,0.7968085107,5,0.5128205128,0.9285714286,0.94,2,0.03125,1
Debolina Roy,0,0,0,1,0,0,0.9600000001,0.5675675676,0.8293617022,1,0.2051282051,0.8214285714,0.02,4,0.3125,1
Srushti Kulkarni,0,0,0,0,1,0,0.6799999999,0.05405405405,0.564893617,4,0.2820512821,0.1785714286,0.82,3,0.59375,2
Priya Gupta,0,0,0,0,0,1,0.7599999999,0.4594594595,0.7361702128,3,0.3076923077,0.3928571429,0.07,5,0.28125,1
Bhagat Raj,1,0,0,0,0,0,0.92,0.4864864865,0.7887234043,4,0.1794871795,0.3214285714,0.3,6,0.3125,0
Tisca Chopra ,0,1,0,0,0,0,1,0.7567567568,0.91,2,0.2820512821,0.1785714286,0.19,2,0.25,1
Subramanian,0,0,1,0,0,0,0.3199999999,0.6216216216,0.6791489362,1,0.7692307692,0.03571428571,0,3,0.5,0
G.Kempegowda ,0,0,0,1,0,0,1,1,1,4,0.9743589744,1,0.48,2,0.4375,0
Vetrivel,0,0,0,0,1,0,0.6799999999,0.5945945946,0.764893617,2,0.6153846154,0.75,0.59,5,0.3125,1
Rajesh Sharma ,0,0,0,0,0,1,0.03999999992,0.2432432432,0.4646808511,1,1,0.6071428571,0.67,5,0.3125,0
Anil Chaudhary,1,0,0,0,0,0,1,0.8648648649,0.95,1,0.9743589744,0.4642857143,0.52,5,0.125,0
Debolina Roy,0,1,0,0,0,0,0.3999999999,0.4324324324,0.6304255319,2,0.02564102564,0.5714285714,0.92,0,0.21875,0
Srushti Kulkarni,0,0,1,0,0,0,1,0.7567567568,0.91,4,0.6153846154,0.4642857143,0.06,1,0.59375,0
Priya Gupta,0,0,0,1,0,0,1,0.8648648649,0.95,1,0.07692307692,0.8214285714,0.8,6,0.375,0
Bhagat Raj,0,0,0,0,1,0,1,0.7297297297,0.9,1,0.8205128205,0.5,0.08,0,0.5,0
Tisca Chopra ,0,0,0,0,0,1,0,0.7297297297,0.6340425532,6,0.2564102564,0.2142857143,0.2,1,0.625,0
Subramanian,1,0,0,0,0,0,-0.56,0.6216216216,0.445106383,4,0.2307692308,0.9285714286,0,4,0.6875,0
G.Kempegowda ,0,1,0,0,0,0,0.08000000002,0.7567567568,0.665319149,2,0.2307692308,0.4285714286,0.07,4,0.625,1
Vetrivel,0,0,1,0,0,0,1,0.8378378378,0.94,1,0.2051282051,0.7857142857,0,6,0.5625,1
Rajesh Sharma ,0,0,0,1,0,0,1,0.6486486486,0.87,1,0.4871794872,-0.03571428571,0.03,3,0.25,1
Anil Chaudhary,0,0,0,0,1,0,0.03999999992,0.8648648649,0.6946808511,1,0.02564102564,0.03571428571,0.3,3,0.1875,2
Debolina Roy,0,0,0,0,0,1,1,1,1,2,1.025641026,0.1428571429,0.14,7,0.21875,0
Srushti Kulkarni,1,0,0,0,0,0,1,1,1,6,0.2820512821,0.9642857143,0.22,5,0.3125,1
Priya Gupta,0,1,0,0,0,0,0.6000000001,0.8648648649,0.8436170213,3,0.358974359,0.7857142857,0.71,7,0.75,0
Bhagat Raj,0,0,1,0,0,0,1,1,1,4,0.7692307692,0.8214285714,0.11,2,0.21875,0
Tisca Chopra ,0,0,0,1,0,0,0.16,0.9189189189,0.7465957447,2,0.9230769231,-0.03571428571,0.17,6,0.15625,0
Subramanian,0,0,0,0,1,0,0.08000000002,0.5675675676,0.595319149,3,0.5128205128,1,0.07,2,0.1875,1
G.Kempegowda ,0,0,0,0,0,1,0.5200000001,0.5405405405,0.7023404256,1,0.7435897436,1.035714286,0.58,1,0.34375,1
Vetrivel,1,0,0,0,0,0,0.64,0.4594594595,0.7042553192,3,0.1282051282,-0.03571428571,0.2,5,0.28125,0
Rajesh Sharma ,0,1,0,0,0,0,0.56,1,0.8829787234,2,0,0.7142857143,0,2,0.59375,2
Anil Chaudhary,0,0,1,0,0,0,0.84,1,0.9574468085,4,0.07692307692,0.25,0.03,3,0.4375,0
Debolina Roy,0,0,0,1,0,0,1,0.4324324324,0.79,1,0.3846153846,0.2857142857,0.95,5,0.125,1
Srushti Kulkarni,0,0,0,0,1,0,0.3999999999,0.8378378378,0.7804255319,1,0.5128205128,0.7142857143,0.26,4,0.15625,1
Priya Gupta,0,0,0,0,0,1,1,0.4594594595,0.8,3,0.5128205128,0,0.2,2,0.53125,2
Bhagat Raj,1,0,0,0,0,0,1,0.1891891892,0.7,2,0.9487179487,0.8928571429,0.56,0,0.3125,0
Tisca Chopra ,0,1,0,0,0,0,0.84,1,0.9574468085,1,0.8205128205,0.6071428571,0.19,0,0.71875,2
Subramanian,0,0,1,0,0,0,-0.08000000002,-0.1351351351,0.2927659575,1,0.3076923077,0.6785714286,0.5,3,0.125,1
G.Kempegowda ,0,0,0,1,0,0,0.36,1,0.8297872341,5,1,0.2857142857,0.29,1,0.5,1
Vetrivel,0,0,0,0,1,0,1,0.7297297297,0.9,4,0.2820512821,0.4285714286,1,1,0.5,0
Rajesh Sharma ,0,0,0,0,0,1,0.2400000001,0.4864864865,0.6078723405,1,0.1794871795,0.3928571429,0,4,0.65625,2
Anil Chaudhary,1,0,0,0,0,0,0.2400000001,0.4864864865,0.6078723405,1,0.9743589744,0.2857142857,0,0,0.5625,0
Debolina Roy,0,1,0,0,0,0,-0.08000000002,0.972972973,0.7027659575,1,0.5641025641,0.1428571429,0.98,5,0.125,0
Srushti Kulkarni,0,0,1,0,0,0,1,0.5675675676,0.84,1,0.7692307692,0.9285714286,0.75,0,0.1875,1
Priya Gupta,0,0,0,1,0,0,1,0.4594594595,0.8,1,0.7179487179,0.03571428571,0.86,0,1.0625,1
Bhagat Raj,0,0,0,0,1,0,0.3199999999,0.4594594595,0.6191489362,1,0.05128205128,0.3571428571,0.87,5,0.9375,0
Tisca Chopra ,0,0,0,0,0,1,0.84,0.5945945946,0.8074468085,5,0.7692307692,0.3928571429,0.12,2,0.375,1
Subramanian,1,0,0,0,0,0,0.1199999999,0.5405405405,0.5959574468,2,0.5128205128,0.5,0,3,0.875,1
G.Kempegowda ,0,1,0,0,0,0,1,0.8378378378,0.94,1,0.6153846154,-0.03571428571,0.52,2,0.3125,1
Vetrivel,0,0,1,0,0,0,0.56,1,0.8829787234,1,0.3076923077,0.6785714286,0.02,4,0.25,0
Rajesh Sharma ,0,0,0,1,0,0,0.8,0.5675675676,0.7868085107,2,0.6923076923,0.4285714286,0.55,0,0.78125,1
Anil Chaudhary,0,0,0,0,1,0,0.56,0.5945945946,0.7329787234,2,0.4358974359,0.9642857143,0.72,5,0.15625,0
Debolina Roy,0,0,0,0,0,1,1,1,1,3,0.8974358974,0.4285714286,0,4,0.3125,0
Srushti Kulkarni,1,0,0,0,0,0,0.8,1,0.9468085107,2,0.7179487179,0.5714285714,0.52,1,0.3125,1
Priya Gupta,0,1,0,0,0,0,0.4799999999,1,0.8617021277,2,0.5384615385,0.75,0.07,3,0.28125,2
Bhagat Raj,0,0,1,0,0,0,1,0.7837837838,0.92,5,0.9487179487,0.5714285714,0.92,4,0.625,0
Tisca Chopra ,0,0,0,1,0,0,1,1,1,2,0.358974359,0.3928571429,0.21,5,0.375,1
Subramanian,0,0,0,0,1,0,0.2,0.3783783784,0.5572340426,5,0.6153846154,0.1071428571,0.53,0,0.625,0
G.Kempegowda ,0,0,0,0,0,1,1,0.7297297297,0.9,5,0.8461538462,0.5,0.34,4,0.59375,1
Vetrivel,1,0,0,0,0,0,1,0.5135135135,0.82,4,0.4615384615,0.6071428571,0.07,2,0.3125,0
Rajesh Sharma ,0,1,0,0,0,0,0.4799999999,1,0.8617021277,3,0.1794871795,0.2142857143,0.69,4,0.625,0
Anil Chaudhary,0,0,1,0,0,0,-0.08000000002,0.7567567568,0.6227659575,3,0.4102564103,0.7142857143,0,2,0.5625,0
Debolina Roy,0,0,0,1,0,0,0.6799999999,1,0.914893617,5,0.7179487179,0.3928571429,0.38,4,0.84375,1
Srushti Kulkarni,0,0,0,0,1,0,0.8,0.2432432432,0.6668085107,5,0.02564102564,1,0.19,4,0.625,0
Priya Gupta,0,0,0,0,0,1,0.8,1,0.9468085107,1,0.5384615385,-0.03571428571,0.13,0,0.9375,1
Bhagat Raj,1,0,0,0,0,0,0.8,0.972972973,0.9368085107,2,0.8974358974,0.03571428571,0.34,4,0.5625,1
Tisca Chopra ,0,1,0,0,0,0,0.3999999999,0.7027027027,0.7304255319,1,0.1282051282,0.07142857143,0,0,0.25,0
Subramanian,0,0,1,0,0,0,0.2400000001,0.6486486486,0.6678723405,6,0.9743589744,0.3928571429,0.16,4,0.28125,1
G.Kempegowda ,0,0,0,1,0,0,1,0.9189189189,0.97,3,1,0.3571428571,0.88,7,0.59375,0
Vetrivel,0,0,0,0,1,0,1,1,1,3,1,0.9285714286,0,3,0.375,0
Rajesh Sharma ,0,0,0,0,0,1,1,0.3783783784,0.77,1,0.2051282051,0.8214285714,0.33,2,0.125,0
Anil Chaudhary,1,0,0,0,0,0,0.3199999999,0.6756756757,0.6991489362,1,0.358974359,0.03571428571,0.49,0,0.625,1
Debolina Roy,0,1,0,0,0,0,0.72,0.972972973,0.9155319149,1,0.8205128205,0.8214285714,0.1,5,0.34375,2
Srushti Kulkarni,0,0,1,0,0,0,1,0.8648648649,0.95,6,0.6153846154,0.7142857143,0.33,4,0.65625,1
Priya Gupta,0,0,0,1,0,0,0.92,1,0.9787234043,3,0.358974359,0,0.44,7,0.40625,0
Bhagat Raj,0,0,0,0,1,0,0.6799999999,1,0.914893617,1,0.6923076923,0.9642857143,0.01,5,0.0625,0
Tisca Chopra ,0,0,0,0,0,1,0.92,0.5405405405,0.8087234043,6,0.4871794872,0.6785714286,0.13,2,0.75,0
Subramanian,1,0,0,0,0,0,0.9600000001,0.8108108108,0.9193617022,2,0.6153846154,0.4642857143,0.62,6,0.1875,0
G.Kempegowda ,0,1,0,0,0,0,1,0.3783783784,0.77,2,0.5897435897,0.9285714286,0.01,7,0.03125,1
Vetrivel,0,0,1,0,0,0,0.8800000001,0.8108108108,0.8980851064,6,0.8205128205,0.9642857143,0.1,1,0.46875,1
Rajesh Sharma ,0,0,0,1,0,0,0.4799999999,0.5675675676,0.7017021277,4,0.1794871795,0.75,0.32,0,0.53125,1
Anil Chaudhary,0,0,0,0,1,0,1,0.7837837838,0.92,2,0.3076923077,0.6785714286,0.39,4,0.8125,1
Debolina Roy,0,0,0,0,0,1,0.3199999999,0.3243243243,0.5691489362,1,0.4615384615,0.1428571429,0.3,2,0.25,0
Srushti Kulkarni,1,0,0,0,0,0,0.72,0.9459459459,0.9055319149,4,0.7179487179,1,0.8,0,0.375,1
Priya Gupta,0,1,0,0,0,0,0.8800000001,0.7567567568,0.8780851064,2,0.9743589744,-0.03571428571,0.18,0,0.65625,1
Bhagat Raj,0,0,1,0,0,0,0.6799999999,0.5945945946,0.764893617,3,0.5897435897,0.3928571429,0.05,3,0.625,1
Tisca Chopra ,0,0,0,1,0,0,0.8800000001,0.7567567568,0.8780851064,2,0.9743589744,0.4285714286,0.02,2,0.3125,1
Subramanian,0,0,0,0,1,0,1,0.7027027027,0.89,2,0.4871794872,0.8928571429,0.56,2,0.71875,1
G.Kempegowda ,0,0,0,0,0,1,0.7599999999,1,0.9361702128,1,0.6153846154,0.9642857143,0.68,2,0.5,1
Vetrivel,1,0,0,0,0,0,1,0.6216216216,0.86,2,0.6153846154,0.8571428571,0.03,1,0.3125,0
Rajesh Sharma ,0,1,0,0,0,0,0.16,0.7297297297,0.6765957447,5,0.3333333333,0.5357142857,0.21,3,0.1875,1
Anil Chaudhary,0,0,1,0,0,0,0,0.4324324324,0.5240425532,2,0.4615384615,0.1785714286,0,0,0.375,0
Debolina Roy,0,0,0,1,0,0,0.64,1,0.9042553192,1,0.641025641,0.5714285714,0,4,0.40625,0
Srushti Kulkarni,0,0,0,0,1,0,-0.04000000011,0.6216216216,0.5834042553,2,0.8461538462,0.2857142857,0.33,1,0.28125,2
Priya Gupta,0,0,0,0,0,1,0.84,0.8648648649,0.9074468085,2,0.1538461538,0.3214285714,0.99,3,0.90625,0
Bhagat Raj,1,0,0,0,0,0,1,1,1,4,0.8205128205,1.035714286,0.01,1,0.1875,1
Tisca Chopra ,0,1,0,0,0,0,0.6000000001,0.8108108108,0.8236170213,3,0.6153846154,0.9642857143,0.35,3,0.40625,1
Subramanian,0,0,1,0,0,0,0.7599999999,0.6486486486,0.8061702128,1,0.7692307692,0.3928571429,0.35,4,0.375,2
G.Kempegowda ,0,0,0,1,0,0,-0.8800000001,0.5135135135,0.32,1,0.5128205128,0.6428571429,0.99,5,0.40625,0
Vetrivel,0,0,0,0,1,0,0.1199999999,0.5405405405,0.5959574468,5,0.3076923077,0.25,0.2,5,0.1875,1
Rajesh Sharma ,0,0,0,0,0,1,0.36,0.6486486486,0.6997872341,1,0.5641025641,0.7857142857,0.01,7,0.78125,1
Anil Chaudhary,1,0,0,0,0,0,0.6799999999,0.7297297297,0.814893617,3,0.6923076923,0.8214285714,0.07,2,0.3125,1
Debolina Roy,0,1,0,0,0,0,1,0.9189189189,0.97,2,0.7435897436,0.1071428571,0.15,0,0.0625,1
Srushti Kulkarni,0,0,1,0,0,0,1,1,1,6,0.7179487179,0.1428571429,0,2,0.65625,1
Priya Gupta,0,0,0,1,0,0,0.7599999999,0.9189189189,0.9061702128,3,0.1794871795,0.8571428571,0.18,2,0.125,0
Bhagat Raj,0,0,0,0,1,0,1,0.8108108108,0.93,1,0.02564102564,0.6071428571,0.38,2,0.1875,0
Tisca Chopra ,0,0,0,0,0,1,1,1,1,3,0.1025641026,0,0.34,1,0.3125,1
Subramanian,1,0,0,0,0,0,1,0.7027027027,0.89,2,0.3076923077,0.9642857143,0.01,3,0.25,1
G.Kempegowda ,0,1,0,0,0,0,0.6000000001,0.972972973,0.8836170213,1,0.5641025641,-0.03571428571,0.33,1,0.0625,0
Vetrivel,0,0,1,0,0,0,0.72,0.8108108108,0.8555319149,1,1,0.03571428571,0.42,8,0.3125,1
Rajesh Sharma ,0,0,0,1,0,0,1,0.7297297297,0.9,2,0.9743589744,0.6428571429,0.05,1,0.71875,1
Anil Chaudhary,0,0,0,0,1,0,1,1,1,5,0.8974358974,0.3928571429,0.04,2,0.0625,1
Debolina Roy,0,0,0,0,0,1,0.8,0.8918918919,0.9068085107,4,0.4358974359,0.5714285714,0.05,2,0.3125,0
Srushti Kulkarni,1,0,0,0,0,0,1,0.7297297297,0.9,1,0.4871794872,0.25,0.91,4,0.34375,0
Priya Gupta,0,1,0,0,0,0,1,0.8918918919,0.96,2,0.7435897436,0.5357142857,0.55,3,0.3125,0
Bhagat Raj,0,0,1,0,0,0,1,0.8918918919,0.96,6,0.641025641,0.5,0.18,3,0.625,0
Tisca Chopra ,0,0,0,1,0,0,1,1,1,3,0,0.3214285714,0.87,3,0.28125,0
Subramanian,0,0,0,0,1,0,0.8800000001,0.9189189189,0.9380851064,1,0.1025641026,0.03571428571,0.08,4,0.4375,1
G.Kempegowda ,0,0,0,0,0,1,0.4799999999,0.8648648649,0.8117021277,2,0.3846153846,0.7857142857,0.09,5,0.5625,0
Vetrivel,1,0,0,0,0,0,1,0.7837837838,0.92,2,0.4615384615,0.5357142857,0.78,1,0.4375,0
Rajesh Sharma ,0,1,0,0,0,0,0.6799999999,1,0.914893617,1,0.4358974359,0.6071428571,0.55,3,0.65625,1
Anil Chaudhary,0,0,1,0,0,0,0.64,0.7027027027,0.7942553192,1,0.2307692308,0.2142857143,0.35,2,0.6875,1
Debolina Roy,0,0,0,1,0,0,0.4799999999,1,0.8617021277,1,0.9487179487,0.7142857143,0.2,2,0.46875,0
Srushti Kulkarni,0,0,0,0,1,0,0.16,0.8918918919,0.7365957447,1,0.6666666667,0.5714285714,0.3,3,0.40625,1
Priya Gupta,0,0,0,0,0,1,0.6799999999,0.4864864865,0.724893617,4,0.1025641026,0.25,0,3,0.5625,1
Bhagat Raj,1,0,0,0,0,0,0.3999999999,0.5675675676,0.6804255319,3,0.7948717949,0.8928571429,0.78,1,0.3125,1
Tisca Chopra ,0,1,0,0,0,0,0.64,0.6486486486,0.7742553192,5,0.3846153846,0.07142857143,0.17,2,0.375,1
Subramanian,0,0,1,0,0,0,1,1,1,5,0.6666666667,0.1071428571,0.17,8,0.3125,1
G.Kempegowda ,0,0,0,1,0,0,0.2400000001,0.6486486486,0.6678723405,3,0.8205128205,0.25,0.8,0,0.5,0
Vetrivel,0,0,0,0,1,0,0.72,0.6216216216,0.7855319149,1,0.02564102564,0.3928571429,0.05,1,0.65625,0
Rajesh Sharma ,0,0,0,0,0,1,0.5200000001,0.972972973,0.8623404256,1,0.5384615385,0.3928571429,0.6,4,0.09375,0
Anil Chaudhary,1,0,0,0,0,0,0.6000000001,0.6756756757,0.7736170213,1,0.8974358974,0.7142857143,0,3,0.46875,0
Debolina Roy,0,1,0,0,0,0,0.2,1,0.7872340426,2,0.05128205128,1.035714286,0,3,0.5625,2
Srushti Kulkarni,0,0,1,0,0,0,1,0.8378378378,0.94,1,1,0.7857142857,0.11,0,0.28125,1
Priya Gupta,0,0,0,1,0,0,0.9600000001,1,0.9893617022,1,0.02564102564,0.1785714286,0.24,0,0.5,1
Bhagat Raj,0,0,0,0,1,0,1,1,1,6,0.3846153846,0.7142857143,0.37,2,0.40625,1
Tisca Chopra ,0,0,0,0,0,1,0.44,0.7027027027,0.7410638298,5,0.6153846154,0.1785714286,0.58,2,0.5,0
Subramanian,1,0,0,0,0,0,0.8,1,0.9468085107,3,0.02564102564,0.7142857143,0.05,3,0.4375,1
G.Kempegowda ,0,1,0,0,0,0,1,0.2972972973,0.74,4,0.5641025641,0.03571428571,0,3,0.28125,0
Vetrivel,0,0,1,0,0,0,0.92,0.6216216216,0.8387234043,1,0.2820512821,0.1785714286,0.34,4,0.78125,1
Rajesh Sharma ,0,0,0,1,0,0,0.3999999999,0.7567567568,0.7504255319,6,0.2564102564,0.2142857143,0.55,5,0.3125,1
Anil Chaudhary,0,0,0,0,1,0,0.8800000001,0.8378378378,0.9080851064,2,0.7435897436,0.1071428571,0.08,3,0.03125,2
Debolina Roy,0,0,0,0,0,1,-0.16,0.6216216216,0.5514893617,5,0.641025641,0.3571428571,0,0,0.28125,1
Srushti Kulkarni,1,0,0,0,0,0,1,0.6756756757,0.88,2,0.5128205128,0.6071428571,0.17,2,0.21875,0
Priya Gupta,0,1,0,0,0,0,1,0.5945945946,0.85,2,0.4871794872,0.25,0.01,7,0.3125,0
Bhagat Raj,0,0,1,0,0,0,0.9600000001,1,0.9893617022,2,0.5384615385,0.3571428571,0.53,5,0.3125,1
Tisca Chopra ,0,0,0,1,0,0,0.4799999999,0.6756756757,0.7417021277,3,0.07692307692,0.6428571429,0.08,4,0.5625,0
Subramanian,0,0,0,0,1,0,0.64,-0.08108108108,0.5042553192,5,0.6153846154,-0.03571428571,0.27,8,0.53125,1
G.Kempegowda ,0,0,0,0,0,1,0.56,0.8108108108,0.8129787234,5,0.1025641026,0.4285714286,0.32,0,0.5625,0
Vetrivel,1,0,0,0,0,0,1,1,1,1,1.025641026,0.8928571429,0.96,0,0.78125,2
Rajesh Sharma ,0,1,0,0,0,0,1,0.7027027027,0.89,4,0.7179487179,0.3571428571,0.57,0,0.4375,1
Anil Chaudhary,0,0,1,0,0,0,0,0.5135135135,0.5540425532,1,0.4615384615,0.4642857143,0.17,1,0.90625,1
Debolina Roy,0,0,0,1,0,0,0.84,0.972972973,0.9474468085,3,0.5128205128,0.75,0.74,0,0.375,0
Srushti Kulkarni,0,0,0,0,1,0,0.8,0.3513513514,0.7068085107,1,0.6666666667,0.5357142857,0.96,5,0.5,0
Priya Gupta,0,0,0,0,0,1,0.3199999999,0.8108108108,0.7491489362,6,1.025641026,0.3928571429,0.27,2,0.375,1
Bhagat Raj,1,0,0,0,0,0,0.44,0.6486486486,0.7210638298,4,0.4871794872,0.5,0.91,6,0.53125,0
Tisca Chopra ,0,1,0,0,0,0,1,0.2972972973,0.74,6,0.2564102564,0.6428571429,0.74,1,0.28125,1
Subramanian,0,0,1,0,0,0,0.9600000001,0.4864864865,0.7993617022,3,0.2820512821,0.8928571429,0.66,2,0.1875,1
G.Kempegowda ,0,0,0,1,0,0,0.5200000001,0.6756756757,0.7523404256,4,0.02564102564,0.2142857143,0.72,4,0.21875,1
Vetrivel,0,0,0,0,1,0,0.36,1,0.8297872341,2,0.5128205128,0.8571428571,0.23,3,0.65625,0
Rajesh Sharma ,0,0,0,0,0,1,1,0.8918918919,0.96,2,0.02564102564,0.03571428571,0,3,0.375,1
Anil Chaudhary,1,0,0,0,0,0,-0.1200000001,0.3513513514,0.4621276596,2,0.1025641026,0.6428571429,0.76,6,0.5,1
Debolina Roy,0,1,0,0,0,0,0.03999999992,0.5405405405,0.5746808511,1,0.358974359,0,0.13,5,0.65625,0
Srushti Kulkarni,0,0,1,0,0,0,1,1,1,3,0.9743589744,0.1785714286,0,2,0.375,1
Priya Gupta,0,0,0,1,0,0,1,0.7567567568,0.91,4,0.8205128205,0.4285714286,0.01,6,0.46875,1
Bhagat Raj,0,0,0,0,1,0,1,0.7837837838,0.92,1,0.5641025641,0.4642857143,0.15,7,0.5,0
Tisca Chopra ,0,0,0,0,0,1,-0.4000000001,0.6756756757,0.5076595745,5,0.4871794872,0.3928571429,0.01,3,0.53125,0
Subramanian,1,0,0,0,0,0,0.5200000001,0.5675675676,0.7123404256,2,0.7692307692,0.2857142857,0.7,5,0.46875,1
G.Kempegowda ,0,1,0,0,0,0,0.6000000001,0.4594594595,0.6936170213,4,0.1794871795,0.4285714286,0,3,0.75,0
Vetrivel,0,0,1,0,0,0,0.16,0.7027027027,0.6665957447,1,0.02564102564,0.3571428571,0.12,5,0.3125,0
Rajesh Sharma ,0,0,0,1,0,0,-0.04000000011,1,0.7234042553,5,0.1282051282,1,0.99,1,0.75,1
Anil Chaudhary,0,0,0,0,1,0,0.6799999999,0.7027027027,0.804893617,5,0.2820512821,0.3214285714,0.18,5,0.6875,1
Debolina Roy,0,0,0,0,0,1,1,0.7297297297,0.9,4,0.02564102564,0.3928571429,0.1,6,0.40625,0
Srushti Kulkarni,1,0,0,0,0,0,0.03999999992,0.7297297297,0.6446808511,1,0.6666666667,0.8928571429,0,8,0.125,1
Priya Gupta,0,1,0,0,0,0,0.4799999999,0.4054054054,0.6417021277,1,0.2051282051,0.75,0.08,4,0.3125,1
Bhagat Raj,0,0,1,0,0,0,0.6000000001,0.8648648649,0.8436170213,2,0.6153846154,0.5357142857,0.05,0,0.71875,0
Tisca Chopra ,0,0,0,1,0,0,1,1,1,1,0.2564102564,0.3571428571,0.46,0,0.875,0
Subramanian,0,0,0,0,1,0,0.8,0.7837837838,0.8668085107,1,0.3076923077,0.1428571429,0.06,0,0.40625,0
G.Kempegowda ,0,0,0,0,0,1,0.1199999999,0.1891891892,0.4659574468,2,0.2564102564,0.3928571429,0.04,2,0.46875,1
Vetrivel,1,0,0,0,0,0,-0.36,0,0.2682978724,4,0.2564102564,0.5714285714,0.13,0,0.75,0
Rajesh Sharma ,0,1,0,0,0,0,0,0.5405405405,0.5640425532,4,0,0.9285714286,0.06,0,1,1
Anil Chaudhary,0,0,1,0,0,0,1,1,1,3,0.4615384615,0.6785714286,0.36,5,0.65625,1
Debolina Roy,0,0,0,1,0,0,0.5200000001,-0.2432432432,0.4123404256,2,0.9230769231,0.07142857143,0.05,0,0.375,2
Srushti Kulkarni,0,0,0,0,1,0,1,1,1,4,0.2051282051,0.9285714286,0.99,7,0.78125,0
Priya Gupta,0,0,0,0,0,1,0.2400000001,0.4324324324,0.5878723405,3,0.9230769231,0.75,0.53,0,0.25,0
Bhagat Raj,1,0,0,0,0,0,0.3999999999,0.7837837838,0.7604255319,3,0.2820512821,0.5,0.3,3,0.09375,0
Tisca Chopra ,0,1,0,0,0,0,0.9600000001,0.8108108108,0.9193617022,6,0.5128205128,0.9285714286,0.13,0,0.4375,1
Subramanian,0,0,1,0,0,0,-0.2,0.5945945946,0.5308510639,1,0.5384615385,0.6428571429,0.39,0,0.65625,0
G.Kempegowda ,0,0,0,1,0,0,1,0.2972972973,0.74,1,0.3846153846,0.6071428571,0.57,4,0.34375,0
Vetrivel,0,0,0,0,1,0,0.44,0.5945945946,0.7010638298,5,0.9230769231,0,0,4,0.09375,1
Rajesh Sharma ,0,0,0,0,0,1,0.9600000001,0.4324324324,0.7793617022,1,0.7692307692,0.6428571429,0.08,3,0.4375,0
Anil Chaudhary,1,0,0,0,0,0,0.3199999999,0.4864864865,0.6291489362,3,0.5641025641,0.4285714286,0.12,1,0.46875,1
Debolina Roy,0,1,0,0,0,0,1,0.8108108108,0.93,1,0.9230769231,0.8214285714,0.34,0,0.5,1
Srushti Kulkarni,0,0,1,0,0,0,0.7599999999,1,0.9361702128,4,0.8461538462,0.3214285714,0.04,4,0.59375,1
Priya Gupta,0,0,0,1,0,0,0.3199999999,0.972972973,0.8091489362,1,0.3333333333,0.4642857143,0.17,1,0.34375,0
Bhagat Raj,0,0,0,0,1,0,1,0.7567567568,0.91,4,0.5128205128,0.03571428571,0.1,4,0.34375,0
Tisca Chopra ,0,0,0,0,0,1,0.2400000001,0.4054054054,0.5778723405,1,0.9230769231,0.9285714286,0.03,6,0.46875,0
Subramanian,1,0,0,0,0,0,-0.08000000002,0.7837837838,0.6327659575,1,0.4358974359,0.6071428571,0.04,1,0.34375,1
G.Kempegowda ,0,1,0,0,0,0,1,0.8648648649,0.95,4,0.8717948718,0.5357142857,0.13,1,0.46875,2
Vetrivel,0,0,1,0,0,0,0.44,0.4054054054,0.6310638298,5,0.8717948718,0.5714285714,0.91,3,0.46875,1
Rajesh Sharma ,0,0,0,1,0,0,0.44,0.5675675676,0.6910638298,2,0.9487179487,0.8928571429,0.13,0,0.71875,0
Anil Chaudhary,0,0,0,0,1,0,0.8800000001,0.8108108108,0.8980851064,2,0.7435897436,0.4642857143,0,3,0.34375,1
Debolina Roy,0,0,0,0,0,1,0.36,0.7297297297,0.7297872341,4,0.9743589744,0.03571428571,0.05,2,0.5625,0
Srushti Kulkarni,1,0,0,0,0,0,0.8,0.5405405405,0.7768085107,2,0.9230769231,0.07142857143,0.08,6,0.71875,0
Priya Gupta,0,1,0,0,0,0,0.8,0.7837837838,0.8668085107,4,0.6153846154,0.5357142857,0.5,3,0.65625,1
Bhagat Raj,0,0,1,0,0,0,0.6799999999,1,0.914893617,3,0.7692307692,0.7142857143,0,4,0.625,1
Tisca Chopra ,0,0,0,1,0,0,0.2,0.8648648649,0.7372340426,1,0.6153846154,0.7142857143,0.07,2,0.21875,0
Subramanian,0,0,0,0,1,0,0.44,0.5135135135,0.6710638298,1,0.2051282051,0.7142857143,0.55,0,0.625,1
G.Kempegowda ,0,0,0,0,0,1,1,0.9459459459,0.98,2,0.4871794872,0.9642857143,0.54,0,0.375,0
Vetrivel,1,0,0,0,0,0,0.3999999999,0.9459459459,0.8204255319,3,0,0.9642857143,0.07,4,0.65625,0
Rajesh Sharma ,0,1,0,0,0,0,1,0.5405405405,0.83,2,0.2820512821,0.4642857143,0.78,3,0.15625,0
Anil Chaudhary,0,0,1,0,0,0,0.64,0.1891891892,0.6042553192,2,0.1538461538,0.5714285714,0.55,3,0.21875,0
Debolina Roy,0,0,0,1,0,0,0.3999999999,0.8918918919,0.8004255319,2,0.5384615385,0.07142857143,0.31,3,0.5,1
Srushti Kulkarni,0,0,0,0,1,0,1,0.5135135135,0.82,3,0.4358974359,0,0.02,0,0.28125,0
Priya Gupta,0,0,0,0,0,1,0.2400000001,0.6756756757,0.6778723405,6,0.7179487179,0,0.43,1,0.28125,1
Bhagat Raj,1,0,0,0,0,0,1,0.7027027027,0.89,3,0.1282051282,0.6785714286,0.39,3,0.71875,1
Tisca Chopra ,0,1,0,0,0,0,-0.1200000001,1,0.7021276596,1,0.2564102564,0.2857142857,0,2,0.34375,2
Subramanian,0,0,1,0,0,0,0.56,0.8918918919,0.8429787234,3,0.2307692308,0.4285714286,0.96,8,0.59375,1
G.Kempegowda ,0,0,0,1,0,0,0.9600000001,0.8648648649,0.9393617022,1,0.3333333333,0.8928571429,0.64,8,0.28125,0
Vetrivel,0,0,0,0,1,0,1,1,1,1,0.7948717949,0.1071428571,0.02,5,0.65625,0
Rajesh Sharma ,0,0,0,0,0,1,0.72,1,0.9255319149,3,0.7179487179,0.6428571429,0.65,2,0.125,0
Anil Chaudhary,1,0,0,0,0,0,1,1,1,4,0.6153846154,0.25,0.07,2,0.84375,1
Debolina Roy,0,1,0,0,0,0,1,0.5405405405,0.83,6,0.9230769231,0.1071428571,0.01,3,0.78125,1
Srushti Kulkarni,0,0,1,0,0,0,1,0.972972973,0.99,2,0.3846153846,0.5714285714,0.11,0,0.4375,1
Priya Gupta,0,0,0,1,0,0,1,1,1,3,0.2307692308,0.03571428571,0.86,4,0.5625,1
Bhagat Raj,0,0,0,0,1,0,0.6000000001,0.8918918919,0.8536170213,2,0.8205128205,0.4642857143,0,8,0.4375,1
Tisca Chopra ,0,0,0,0,0,1,0.6799999999,0.7837837838,0.834893617,3,0.2307692308,0.1785714286,0.52,5,0.28125,0
Subramanian,1,0,0,0,0,0,0.5200000001,0.6756756757,0.7523404256,6,0.05128205128,0.5357142857,0.25,0,0.71875,1
G.Kempegowda ,0,1,0,0,0,0,0.6799999999,0.5135135135,0.734893617,5,0.6666666667,0.03571428571,0.99,4,0.59375,1
Vetrivel,0,0,1,0,0,0,0.9600000001,0.8648648649,0.9393617022,2,0.5128205128,0.07142857143,0.86,3,0.15625,0
Rajesh Sharma ,0,0,0,1,0,0,1,0.972972973,0.99,2,0.05128205128,0.07142857143,0.79,4,0.625,1
Anil Chaudhary,0,0,0,0,1,0,1,0.7297297297,0.9,3,0.8461538462,0.6071428571,0.61,3,0.53125,1
Debolina Roy,0,0,0,0,0,1,0.36,0.4594594595,0.6297872341,1,0.2564102564,0,0.77,5,0.375,1
Srushti Kulkarni,1,0,0,0,0,0,0.5200000001,0.4324324324,0.6623404256,2,0.7948717949,0.6071428571,0.53,4,0.3125,0
Priya Gupta,0,1,0,0,0,0,1,1,1,1,0.2051282051,0.5357142857,0,1,0.6875,0
Bhagat Raj,0,0,1,0,0,0,0.5200000001,1,0.8723404256,1,0.1282051282,0.3928571429,0.93,3,0.75,0
Tisca Chopra ,0,0,0,1,0,0,0.1199999999,0.3243243243,0.5159574468,4,0.3333333333,0.3928571429,0.04,2,0.5625,1
Subramanian,0,0,0,0,1,0,0.84,0.9459459459,0.9374468085,4,0.2564102564,0.4642857143,0,5,0.4375,1
G.Kempegowda ,0,0,0,0,0,1,0.03999999992,0.5405405405,0.5746808511,3,0.7948717949,0.5714285714,0.36,4,0.59375,0
Vetrivel,1,0,0,0,0,0,0.6000000001,0.9459459459,0.8736170213,4,0.4358974359,0.8571428571,0.17,4,0.625,0
Rajesh Sharma ,0,1,0,0,0,0,1,0.7837837838,0.92,1,0.3333333333,0.2857142857,0.73,5,0.09375,0
Anil Chaudhary,0,0,1,0,0,0,1,1,1,4,0.5128205128,0.4285714286,0,3,0.625,1
Debolina Roy,0,0,0,1,0,0,0.9600000001,0.7837837838,0.9093617022,5,0.8205128205,0.07142857143,0.52,4,0.46875,1
Srushti Kulkarni,0,0,0,0,1,0,0.9600000001,0.7297297297,0.8893617022,1,0.5641025641,0.8571428571,0.7,5,0.375,2
Priya Gupta,0,0,0,0,0,1,1,0.4864864865,0.81,1,0.8974358974,1,0.6,4,0.59375,1
Bhagat Raj,1,0,0,0,0,0,0.8800000001,0.7027027027,0.8580851064,5,0.4615384615,0.3571428571,0,3,0.0625,2
Tisca Chopra ,0,1,0,0,0,0,1,0.6756756757,0.88,2,0.4871794872,0.9642857143,0.59,0,0.28125,0
Subramanian,0,0,1,0,0,0,1,1,1,2,0.8717948718,1,0.51,4,0.9375,0
G.Kempegowda ,0,0,0,1,0,0,1,0.5675675676,0.84,1,0.358974359,0.6428571429,0.01,1,0.6875,1
Vetrivel,0,0,0,0,1,0,0.4799999999,0.2432432432,0.5817021277,4,0.4615384615,0.5714285714,0,5,0.15625,1
Rajesh Sharma ,0,0,0,0,0,1,1,1,1,4,0.5897435897,0.9642857143,0.22,1,0.03125,0
Anil Chaudhary,1,0,0,0,0,0,1,0.9459459459,0.98,2,0.05128205128,0.9285714286,0.34,3,0.59375,1
Debolina Roy,0,1,0,0,0,0,1,0.8108108108,0.93,2,1,1.035714286,0,4,0.625,0
Srushti Kulkarni,0,0,1,0,0,0,1,0.5405405405,0.83,5,0.9487179487,0.1071428571,0.12,6,0.375,0
Priya Gupta,0,0,0,1,0,0,1,1,1,3,0.4102564103,0.6071428571,0.7,4,0.6875,1
Bhagat Raj,0,0,0,0,1,0,0,0.972972973,0.7240425532,1,0.05128205128,0.8571428571,0.48,3,0.375,1
Tisca Chopra ,0,0,0,0,0,1,0.08000000002,0.4864864865,0.565319149,3,0.3846153846,0.4642857143,0.03,5,0.5625,2
Subramanian,1,0,0,0,0,0,0.2,1,0.7872340426,1,0.8717948718,0.07142857143,0.35,3,0.59375,0
G.Kempegowda ,0,1,0,0,0,0,0.28,0.6486486486,0.6785106383,1,0.7692307692,0.2857142857,0.94,1,0.21875,1
Vetrivel,0,0,1,0,0,0,1,1,1,3,0.6666666667,0.8928571429,0.68,4,0.5625,2
Rajesh Sharma ,0,0,0,1,0,0,0.64,0.3783783784,0.6742553192,1,0.1282051282,0.2857142857,0.94,7,0.375,1
Anil Chaudhary,0,0,0,0,1,0,0.3999999999,0.2972972973,0.5804255319,1,0.3076923077,0.3571428571,0.76,1,0.34375,0
Debolina Roy,0,0,0,0,0,1,0.8800000001,0.6756756757,0.8480851064,6,0.1538461538,0.75,0.25,4,0.65625,0
Srushti Kulkarni,1,0,0,0,0,0,0.56,0.6486486486,0.7529787234,4,0.7948717949,0.5714285714,0.85,0,0.3125,1
Priya Gupta,0,1,0,0,0,0,0.36,1,0.8297872341,2,0.5128205128,0.07142857143,0.03,5,0.5625,2
Bhagat Raj,0,0,1,0,0,0,0.92,0.3513513514,0.7387234043,2,0.8974358974,0.4285714286,0.04,1,0.125,0
Tisca Chopra ,0,0,0,1,0,0,0.6000000001,0.5405405405,0.7236170213,3,0.5897435897,0.25,0.66,3,0.46875,0
Subramanian,0,0,0,0,1,0,0.16,0.5135135135,0.5965957447,2,0.7692307692,0.5357142857,0.65,5,0.1875,1
G.Kempegowda ,0,0,0,0,0,1,1,0.972972973,0.99,3,0,0.03571428571,0.03,2,0.28125,1
Vetrivel,1,0,0,0,0,0,0.3999999999,1,0.8404255319,3,0.9230769231,0.75,0.02,2,0.6875,0
Rajesh Sharma ,0,1,0,0,0,0,0.72,0.8648648649,0.8755319149,2,1,0.8214285714,0.97,6,0.5625,1
Anil Chaudhary,0,0,1,0,0,0,0.44,0.7297297297,0.7510638298,2,0.9230769231,0.3928571429,0.57,4,0.46875,1
Debolina Roy,0,0,0,1,0,0,0.84,1,0.9574468085,1,0.9230769231,0.2142857143,0.01,1,0.46875,0
Srushti Kulkarni,0,0,0,0,1,0,0.1199999999,0.4594594595,0.5659574468,2,1,0.1428571429,0.15,5,0.59375,1
Priya Gupta,0,0,0,0,0,1,1,0.7567567568,0.91,6,0.6666666667,0.8571428571,0.9,0,0.71875,1
Bhagat Raj,1,0,0,0,0,0,0.3199999999,0.7837837838,0.7391489362,2,0.6153846154,1.035714286,0.05,1,0.09375,2
Tisca Chopra ,0,1,0,0,0,0,0.6799999999,0.2972972973,0.654893617,1,0.4358974359,0.8571428571,0,5,0.25,0
Subramanian,0,0,1,0,0,0,0.44,0.8918918919,0.8110638298,6,0.3846153846,0.25,0.15,3,0.84375,1
G.Kempegowda ,0,0,0,1,0,0,1,0.4054054054,0.78,3,0.3333333333,0.8214285714,0.94,5,0.21875,0
Vetrivel,0,0,0,0,1,0,0.6000000001,0.4594594595,0.6936170213,1,0.1794871795,0.1071428571,0.18,4,0.3125,1
Rajesh Sharma ,0,0,0,0,0,1,0.5200000001,0.9459459459,0.8523404256,3,0.8461538462,0.2857142857,0.63,8,0.125,0
Anil Chaudhary,1,0,0,0,0,0,0.8800000001,0.6486486486,0.8380851064,3,0.8205128205,0.3571428571,0.1,3,0.4375,1
Debolina Roy,0,1,0,0,0,0,0.2,0.08108108108,0.4472340426,6,0.2051282051,0.75,0.54,0,0.5625,1
Srushti Kulkarni,0,0,1,0,0,0,0.7599999999,0.9459459459,0.9161702128,2,0.6666666667,0.03571428571,0.07,3,0.375,1
Priya Gupta,0,0,0,1,0,0,0.72,0.9189189189,0.8955319149,4,0.1538461538,0.1428571429,0.64,2,0.4375,0
Bhagat Raj,0,0,0,0,1,0,-0.16,0.8378378378,0.6314893617,2,0.5128205128,0.1428571429,0.01,2,0.4375,0
Tisca Chopra ,0,0,0,0,0,1,1,1,1,3,0.02564102564,0.03571428571,0.01,5,0.53125,0
Subramanian,1,0,0,0,0,0,1,1,1,3,0.6666666667,0.8214285714,0.16,5,0.53125,0
G.Kempegowda ,0,1,0,0,0,0,0.36,1,0.8297872341,5,0.2564102564,1,0.74,4,0.1875,1
Vetrivel,0,0,1,0,0,0,0.8800000001,0.9459459459,0.9480851064,3,0.7179487179,0.9285714286,0.38,5,0.84375,1
Rajesh Sharma ,0,0,0,1,0,0,0.5200000001,0.2972972973,0.6123404256,6,0.07692307692,0,0.52,1,1,1
Anil Chaudhary,0,0,0,0,1,0,1,1,1,5,0.1794871795,1.035714286,0.08,3,0.40625,1
Debolina Roy,0,0,0,0,0,1,1,1,1,1,0.05128205128,0.6785714286,0.4,6,0.3125,0
Srushti Kulkarni,1,0,0,0,0,0,1,0.3243243243,0.75,5,0.07692307692,1,0.61,0,0.625,1
Priya Gupta,0,1,0,0,0,0,1,0.7567567568,0.91,2,0.641025641,0.1071428571,0.05,0,0.46875,0
Bhagat Raj,0,0,1,0,0,0,0.4799999999,0.7567567568,0.7717021277,1,0.7948717949,1.035714286,0.04,7,0.75,0
Tisca Chopra ,0,0,0,1,0,0,0.28,0.2702702703,0.5385106383,1,0.8974358974,0.6785714286,0.07,5,0.15625,1
Subramanian,0,0,0,0,1,0,1,0.9459459459,0.98,1,0.1538461538,0.3214285714,0.04,3,0.3125,0
G.Kempegowda ,0,0,0,0,0,1,0.2,0,0.4172340426,1,0.05128205128,0.9285714286,0.18,1,0.78125,1
Vetrivel,1,0,0,0,0,0,0.3999999999,0.7297297297,0.7404255319,1,0.3076923077,0.8214285714,0.19,2,0.625,1
Rajesh Sharma ,0,1,0,0,0,0,1,1,1,1,0.6153846154,0.3571428571,0.24,5,0.5,0
Anil Chaudhary,0,0,1,0,0,0,1,0.8918918919,0.96,2,0.6666666667,0.5,0.42,1,0.375,0
Debolina Roy,0,0,0,1,0,0,1,1,1,2,0.8461538462,0.6428571429,0.05,1,0.375,0
Srushti Kulkarni,0,0,0,0,1,0,1,0.9459459459,0.98,1,0.3846153846,1,0.08,5,0.34375,1
Priya Gupta,0,0,0,0,0,1,1,0.5405405405,0.83,3,0.3846153846,0.1785714286,0.87,0,0.4375,1
Bhagat Raj,1,0,0,0,0,0,1,1,1,2,0.7179487179,0.1785714286,0.29,0,0.21875,1
Tisca Chopra ,0,1,0,0,0,0,1,1,1,2,0.7435897436,0.8928571429,0.53,2,0.625,1
Subramanian,0,0,1,0,0,0,1,1,1,5,0.7435897436,0.03571428571,0.02,4,0.21875,1
G.Kempegowda ,0,0,0,1,0,0,1,1,1,1,0.7948717949,0.5357142857,0.85,5,0.78125,1
Vetrivel,0,0,0,0,1,0,0.9600000001,0.7027027027,0.8793617022,2,0.5897435897,0.4285714286,0.79,4,0.5625,1
Rajesh Sharma ,0,0,0,0,0,1,0.44,0.1351351351,0.5310638298,5,0.4358974359,1,0.24,0,0.40625,1
Anil Chaudhary,1,0,0,0,0,0,0.4799999999,0.972972973,0.8517021277,1,0.3076923077,0.75,0.02,1,0.375,1
Debolina Roy,0,1,0,0,0,0,0.2400000001,0.1621621622,0.4878723405,2,0.2051282051,0,0.15,2,0.59375,0
Srushti Kulkarni,0,0,1,0,0,0,0.56,0.3243243243,0.6329787234,6,0.4615384615,0.5,0.16,4,0.25,1
Priya Gupta,0,0,0,1,0,0,1,0.8648648649,0.95,3,0.02564102564,-0.03571428571,0.67,3,0.375,1
Bhagat Raj,0,0,0,0,1,0,0.56,0.5945945946,0.7329787234,5,0.358974359,0.5357142857,0.14,1,0.59375,1
Tisca Chopra ,0,0,0,0,0,1,0.28,0.8648648649,0.7585106383,3,0.5897435897,0.5357142857,0.02,6,0.875,1
Subramanian,1,0,0,0,0,0,0.44,0.972972973,0.8410638298,5,0.7692307692,0.8928571429,0.01,2,0.5625,1
G.Kempegowda ,0,1,0,0,0,0,0.3999999999,0.3513513514,0.6004255319,6,0.7948717949,0.2857142857,0.47,5,0.84375,1
Vetrivel,0,0,1,0,0,0,0.03999999992,0.8108108108,0.6746808511,4,0.9743589744,0,0.13,5,0.3125,0
Rajesh Sharma ,0,0,0,1,0,0,-0.44,0.1081081081,0.2870212766,6,0.2820512821,0.2857142857,0.99,2,0.1875,1
Anil Chaudhary,0,0,0,0,1,0,0.2,0.972972973,0.7772340426,2,0.02564102564,0.03571428571,0.08,2,0.46875,0
Debolina Roy,0,0,0,0,0,1,1,0.7297297297,0.9,1,0.05128205128,0.5714285714,0.36,0,0.15625,1
Srushti Kulkarni,1,0,0,0,0,0,0.3199999999,0.8378378378,0.7591489362,5,0.7435897436,0.9642857143,0,4,0.40625,1
Priya Gupta,0,1,0,0,0,0,1,1,1,6,0.8974358974,0.1071428571,0.05,4,0.21875,1
Bhagat Raj,0,0,1,0,0,0,0.9600000001,1,0.9893617022,2,0.9743589744,0.4642857143,0.03,3,0.125,0
Tisca Chopra ,0,0,0,1,0,0,0.44,0.7837837838,0.7710638298,3,0.7948717949,0.9285714286,0.32,5,0.15625,0
Subramanian,0,0,0,0,1,0,0.84,1,0.9574468085,1,0.1794871795,0.6785714286,0.08,0,0.40625,0
G.Kempegowda ,0,0,0,0,0,1,0.8800000001,1,0.9680851064,1,0.5641025641,0.8928571429,0.6,3,0.28125,0
Vetrivel,1,0,0,0,0,0,0.8800000001,0.2702702703,0.6980851064,2,0.5641025641,0.1428571429,0.82,4,0.4375,0
Rajesh Sharma ,0,1,0,0,0,0,-0.04000000011,1,0.7234042553,5,1.025641026,0.1071428571,0.02,6,0.03125,1
Anil Chaudhary,0,0,1,0,0,0,1,1,1,1,0.07692307692,0.1785714286,0.46,0,0.28125,1
Debolina Roy,0,0,0,1,0,0,1,1,1,3,0.5897435897,0.7142857143,0.04,3,0.8125,0
Srushti Kulkarni,0,0,0,0,1,0,-0.16,0.1891891892,0.3914893617,3,0.358974359,0.25,0.4,1,0.5625,0
Priya Gupta,0,0,0,0,0,1,1,1,1,5,0.05128205128,0.4642857143,0.32,3,0.6875,0
Bhagat Raj,1,0,0,0,0,0,0.84,0.9189189189,0.9274468085,6,0.4615384615,0.3928571429,0.66,2,0.5625,1
Tisca Chopra ,0,1,0,0,0,0,0.8800000001,0.5135135135,0.7880851064,1,0.1025641026,0.03571428571,0.3,7,0.75,1
Subramanian,0,0,1,0,0,0,0.6799999999,1,0.914893617,3,0.3076923077,0.07142857143,0.31,0,0.09375,0
G.Kempegowda ,0,0,0,1,0,0,1,0.7837837838,0.92,3,0.02564102564,0.03571428571,0.3,4,0.90625,1
Vetrivel,0,0,0,0,1,0,1,0.5405405405,0.83,4,0.1794871795,0.2142857143,0,5,0.6875,1
Rajesh Sharma ,0,0,0,0,0,1,0.64,0.7027027027,0.7942553192,5,0.8717948718,0.7857142857,0.01,3,0.15625,1
Anil Chaudhary,1,0,0,0,0,0,0.8,0.7567567568,0.8568085107,2,0.3333333333,0.6071428571,0.53,5,0.625,0
Debolina Roy,0,1,0,0,0,0,0,0.7567567568,0.6440425532,1,0.6666666667,0.9642857143,0.57,3,0.125,1
Srushti Kulkarni,0,0,1,0,0,0,0.72,0.9459459459,0.9055319149,3,0.05128205128,0,0.12,5,0.65625,1
Priya Gupta,0,0,0,1,0,0,1,0.7567567568,0.91,4,0.2051282051,0.8571428571,0.82,3,0.65625,1
Bhagat Raj,0,0,0,0,1,0,1,0.8378378378,0.94,2,0.6666666667,0.7857142857,0.01,1,0.59375,0
Tisca Chopra ,0,0,0,0,0,1,0,0.8108108108,0.6640425532,3,0.7179487179,0.03571428571,0.07,2,0.625,0
Subramanian,1,0,0,0,0,0,0.3999999999,0.7297297297,0.7404255319,2,0.5128205128,0.9285714286,0.03,4,0.875,1
G.Kempegowda ,0,1,0,0,0,0,0.36,0.7297297297,0.7297872341,3,0.1282051282,0.2142857143,0.65,3,0.40625,0
Vetrivel,0,0,1,0,0,0,0.44,0.5945945946,0.7010638298,2,0.8461538462,0.6428571429,0.38,0,0.5625,1
Rajesh Sharma ,0,0,0,1,0,0,1,0.5405405405,0.83,6,0.5128205128,0.3214285714,0.05,4,0.40625,0
Anil Chaudhary,0,0,0,0,1,0,0.56,0.7567567568,0.7929787234,3,0.4871794872,0.7142857143,0.46,2,0.4375,1
Debolina Roy,0,0,0,0,0,1,0.4799999999,1,0.8617021277,2,0.8717948718,0.6071428571,0.24,5,0.25,1
Srushti Kulkarni,1,0,0,0,0,0,0.6000000001,0.8918918919,0.8536170213,5,0.6666666667,0.25,0.74,3,0.375,1
Priya Gupta,0,1,0,0,0,0,0,0.5405405405,0.5640425532,5,0.2307692308,0.9642857143,0.68,5,0.84375,1
Bhagat Raj,0,0,1,0,0,0,1,1,1,1,0.4871794872,0.07142857143,0.79,6,0.46875,1
Tisca Chopra ,0,0,0,1,0,0,-0.04000000011,0.8648648649,0.6734042553,6,0.1282051282,0,0.43,2,0.5625,0
Subramanian,0,0,0,0,1,0,0.84,0.8918918919,0.9174468085,3,0.4871794872,0.5714285714,0.95,2,0.59375,0
G.Kempegowda ,0,0,0,0,0,1,0,0.4324324324,0.5240425532,6,0.5897435897,0.9642857143,0,3,0.5,2
Vetrivel,1,0,0,0,0,0,1,0.2972972973,0.74,5,0.07692307692,0.3571428571,0.46,1,0.6875,0
Rajesh Sharma ,0,1,0,0,0,0,-0.3200000001,0.8648648649,0.5989361702,2,0.1282051282,0.5357142857,0.1,0,0.28125,0
Anil Chaudhary,0,0,1,0,0,0,0.8800000001,0.8648648649,0.9180851064,6,0.7948717949,0.6785714286,0.02,3,0,2
Debolina Roy,0,0,0,1,0,0,0.56,0.5675675676,0.7229787234,2,0.3333333333,0.25,0.15,5,0.28125,1
Srushti Kulkarni,0,0,0,0,1,0,0.2,0.5405405405,0.6172340426,4,0.4615384615,0.4642857143,0.61,6,0.625,1
Priya Gupta,0,0,0,0,0,1,0.8800000001,0.7567567568,0.8780851064,1,0.1794871795,0.03571428571,0.18,1,0.1875,1
Bhagat Raj,1,0,0,0,0,0,-0.4000000001,0.2702702703,0.3576595745,5,1.025641026,0.9285714286,0.25,3,0.4375,1
Tisca Chopra ,0,1,0,0,0,0,0.8800000001,0.8378378378,0.9080851064,6,0.2564102564,0.75,0.11,4,0.28125,1
Subramanian,0,0,1,0,0,0,0.6000000001,0.7567567568,0.8036170213,5,0.8205128205,0.25,0.86,0,0.8125,0
G.Kempegowda ,0,0,0,1,0,0,1,0.972972973,0.99,2,0,0.8571428571,0.04,3,0.71875,0
Vetrivel,0,0,0,0,1,0,0.6799999999,0,0.544893617,2,1,1,0.23,4,0.3125,2
Rajesh Sharma ,0,0,0,0,0,1,1,1,1,3,0.02564102564,1,0.58,3,0.53125,1
Anil Chaudhary,1,0,0,0,0,0,0.8800000001,0.5675675676,0.8080851064,3,0,0,0.04,0,0.71875,1
Debolina Roy,0,1,0,0,0,0,1,1,1,1,0.4615384615,0.7857142857,0.18,3,0.53125,1
Srushti Kulkarni,0,0,1,0,0,0,0.6799999999,0.9459459459,0.894893617,1,0.4615384615,0.75,0.02,4,0.34375,0
Priya Gupta,0,0,0,1,0,0,0.8800000001,0.4594594595,0.7680851064,1,0.5384615385,0.07142857143,0,5,0.25,1
Bhagat Raj,0,0,0,0,1,0,0.72,0.5135135135,0.7455319149,1,0.7948717949,0.5,0.34,3,0.71875,1
Tisca Chopra ,0,0,0,0,0,1,0.3199999999,1,0.8191489362,6,0.1794871795,0.5714285714,0.46,5,0.21875,0
Subramanian,1,0,0,0,0,0,1,0.9189189189,0.97,2,0.5128205128,0.2142857143,0.94,5,0.5,0
G.Kempegowda ,0,1,0,0,0,0,1,1,1,6,0.3333333333,0.3571428571,0.33,5,0.46875,0
Vetrivel,0,0,1,0,0,0,0.56,1,0.8829787234,2,0.6153846154,0.6071428571,0.06,0,0.125,0
Rajesh Sharma ,0,0,0,1,0,0,0.56,0.8378378378,0.8229787234,2,0.8974358974,0.5357142857,0.03,1,0.1875,0
Anil Chaudhary,0,0,0,0,1,0,0.2400000001,0.6486486486,0.6678723405,1,0.8205128205,0.03571428571,0.05,2,0.4375,1
Debolina Roy,0,0,0,0,0,1,0.8800000001,0.6756756757,0.8480851064,1,0.9743589744,0.4642857143,0.47,3,0.40625,0
Srushti Kulkarni,1,0,0,0,0,0,0.2,0.5675675676,0.6272340426,3,0.6666666667,0.1071428571,0.11,5,0.78125,0
Priya Gupta,0,1,0,0,0,0,0.72,0.8108108108,0.8555319149,1,0.6923076923,0.5357142857,0.45,2,0.625,1
Bhagat Raj,0,0,1,0,0,0,0.72,0.5945945946,0.7755319149,6,0.07692307692,0.03571428571,0.96,2,0.15625,1
Tisca Chopra ,0,0,0,1,0,0,0.72,1,0.9255319149,2,0.358974359,0.25,0.77,1,0.3125,1
Subramanian,0,0,0,0,1,0,0.3199999999,0.4864864865,0.6291489362,3,0.5897435897,0.1428571429,0.28,4,1.09375,1
G.Kempegowda ,0,0,0,0,0,1,0.8800000001,0.4324324324,0.7580851064,1,0.05128205128,1,0.23,4,0.53125,1
Vetrivel,1,0,0,0,0,0,0.84,1,0.9574468085,2,0.4871794872,0.2857142857,0.27,7,0.6875,1
Rajesh Sharma ,0,1,0,0,0,0,1,1,1,1,0.5384615385,0.9285714286,0.85,6,0.15625,0
Anil Chaudhary,0,0,1,0,0,0,0.8800000001,0.5135135135,0.7880851064,1,0.1282051282,0.5714285714,0.74,0,0.59375,0
Debolina Roy,0,0,0,1,0,0,0.28,0.5405405405,0.6385106383,2,0.1282051282,0.9285714286,0.01,8,0.53125,0
Srushti Kulkarni,0,0,0,0,1,0,1,0.6756756757,0.88,3,0.2051282051,0.5,0.08,2,0.4375,0
Priya Gupta,0,0,0,0,0,1,0.84,0.7027027027,0.8474468085,5,0.1025641026,0.9642857143,0.24,3,0.21875,0
Bhagat Raj,1,0,0,0,0,0,1,0.8378378378,0.94,2,0.4102564103,0.3571428571,0.76,2,0.4375,1
Tisca Chopra ,0,1,0,0,0,0,0.56,1,0.8829787234,1,0.1794871795,0.5,0.42,0,0.40625,0
Subramanian,0,0,1,0,0,0,1,0.9189189189,0.97,2,0.8974358974,0.3214285714,0.08,0,1,2
G.Kempegowda ,0,0,0,1,0,0,0.92,0.7837837838,0.8987234043,2,0.8461538462,1.035714286,0.42,4,0.6875,1
Vetrivel,0,0,0,0,1,0,0.6000000001,0.4594594595,0.6936170213,3,0.4358974359,0.9285714286,0.48,1,0.15625,0
Rajesh Sharma ,0,0,0,0,0,1,1,0.7027027027,0.89,1,0.4102564103,0.8571428571,0,4,0.125,2
Anil Chaudhary,1,0,0,0,0,0,0.92,0.9189189189,0.9487234043,3,0.1794871795,0.1785714286,0.33,2,0.15625,2
Debolina Roy,0,1,0,0,0,0,1,0.3513513514,0.76,3,0.2820512821,0.1428571429,0.26,2,0.15625,0
Srushti Kulkarni,0,0,1,0,0,0,0.08000000002,0.1621621622,0.445319149,2,0.1282051282,0.5357142857,0.01,1,0.34375,0
Priya Gupta,0,0,0,1,0,0,0.2,0.8378378378,0.7272340426,3,0.9487179487,0.1071428571,0.01,1,0.65625,1
Bhagat Raj,0,0,0,0,1,0,0.28,1,0.8085106383,1,0.1794871795,0.4285714286,0.31,4,0.09375,2
Tisca Chopra ,0,0,0,0,0,1,0.9600000001,0.5945945946,0.8393617022,2,0.2307692308,0.03571428571,0.1,4,0.03125,0
Subramanian,1,0,0,0,0,0,1,0.5675675676,0.84,3,1.025641026,0.8214285714,0.74,7,0.8125,1
G.Kempegowda ,0,1,0,0,0,0,0.44,1,0.8510638298,1,0.8461538462,0.4642857143,0,2,0.125,1
Vetrivel,0,0,1,0,0,0,0.16,0.4324324324,0.5665957447,2,0.3333333333,1,0.1,5,0.40625,0
Rajesh Sharma ,0,0,0,1,0,0,-0.3200000001,0.2972972973,0.3889361702,1,0.8974358974,0.5714285714,0.01,1,0.59375,0
Anil Chaudhary,0,0,0,0,1,0,1,1,1,3,0.8717948718,0.3571428571,0.03,2,0.84375,1
Debolina Roy,0,0,0,0,0,1,1,0.972972973,0.99,2,0.8205128205,0.03571428571,0.38,0,0.59375,0
Srushti Kulkarni,1,0,0,0,0,0,1,0.3243243243,0.75,3,0.1282051282,0.5,0.03,4,0.40625,2
Priya Gupta,0,1,0,0,0,0,0.44,0.4594594595,0.6510638298,4,0.9487179487,0.6428571429,0.15,5,0.125,1
Bhagat Raj,0,0,1,0,0,0,0.6000000001,1,0.8936170213,1,0.2051282051,0.8571428571,0.93,2,0.03125,1
Tisca Chopra ,0,0,0,1,0,0,0.28,0.7837837838,0.7285106383,2,0.8205128205,0.3928571429,0.03,3,0.65625,1
Subramanian,0,0,0,0,1,0,0.4799999999,0.8378378378,0.8017021277,2,0.1538461538,0.4285714286,0.85,3,0.59375,0
G.Kempegowda ,0,0,0,0,0,1,1,0.7837837838,0.92,5,0.2051282051,0.3214285714,0.3,2,0.5,1
Vetrivel,1,0,0,0,0,0,0.3199999999,0.7567567568,0.7291489362,2,0.5641025641,0.8571428571,0.11,1,0.5,1
Rajesh Sharma ,0,1,0,0,0,0,0.64,0.4594594595,0.7042553192,4,0.4615384615,0.6071428571,0.17,4,0.28125,0
Anil Chaudhary,0,0,1,0,0,0,0.3999999999,1,0.8404255319,1,0.9743589744,0.8928571429,0.41,1,0.8125,1
Debolina Roy,0,0,0,1,0,0,1,1,1,1,0.1025641026,1,0.03,1,0.5625,0
Srushti Kulkarni,0,0,0,0,1,0,1,1,1,6,0.6666666667,0.3214285714,0.5,5,0.34375,0
Priya Gupta,0,0,0,0,0,1,0.8,1,0.9468085107,1,0.02564102564,0.1071428571,0.75,0,0.71875,0
Bhagat Raj,1,0,0,0,0,0,0.6799999999,0.8378378378,0.854893617,6,0.358974359,0.1785714286,0.9,2,0.4375,1
Tisca Chopra ,0,1,0,0,0,0,0.4799999999,0.6756756757,0.7417021277,1,0.3333333333,0.3214285714,0.44,2,0.40625,1
Subramanian,0,0,1,0,0,0,1,0.6756756757,0.88,1,0.3846153846,0.2142857143,0.44,7,0.3125,0
G.Kempegowda ,0,0,0,1,0,0,0.6799999999,0.8108108108,0.844893617,5,0.8461538462,0.5,0,6,0.375,2
Vetrivel,0,0,0,0,1,0,0.64,1,0.9042553192,2,0.2564102564,0,0.22,2,0.625,1
Rajesh Sharma ,0,0,0,0,0,1,1,0.6486486486,0.87,2,0.4871794872,0.25,0.36,5,0.3125,0
Anil Chaudhary,1,0,0,0,0,0,0.56,0.4324324324,0.6729787234,2,0.3333333333,0.2142857143,0.43,4,0.84375,0
Debolina Roy,0,1,0,0,0,0,0.08000000002,0.5675675676,0.595319149,1,0.8461538462,1,0.8,2,0.34375,1
Srushti Kulkarni,0,0,1,0,0,0,0.4799999999,1,0.8617021277,2,0.4102564103,0.8928571429,0.66,2,0.21875,1
Priya Gupta,0,0,0,1,0,0,1,0.972972973,0.99,2,0.1538461538,1,0.57,4,0.71875,1
Bhagat Raj,0,0,0,0,1,0,0.2,0.6216216216,0.6472340426,2,0.7179487179,0.1428571429,0.03,7,0,2
Tisca Chopra ,0,0,0,0,0,1,-0.08000000002,0.2432432432,0.4327659575,1,0.2820512821,0,0.02,2,0.40625,1
Subramanian,1,0,0,0,0,0,1,0.7027027027,0.89,6,0.4102564103,0.8571428571,0.64,0,0.40625,0
G.Kempegowda ,0,1,0,0,0,0,0.36,0.1621621622,0.5197872341,2,1.025641026,0.8928571429,0.2,4,0.15625,1
Vetrivel,0,0,1,0,0,0,1,0.9189189189,0.97,2,0.8205128205,0.7857142857,0.01,3,0.625,1
Rajesh Sharma ,0,0,0,1,0,0,0.28,1,0.8085106383,1,0.4102564103,-0.03571428571,0.26,2,0.59375,1
Anil Chaudhary,0,0,0,0,1,0,0.2,1,0.7872340426,1,0.8974358974,0.6428571429,0,0,0.40625,1
Debolina Roy,0,0,0,0,0,1,0.7599999999,0.3513513514,0.6961702128,5,0.3333333333,0.6428571429,0.11,1,0.40625,2
Srushti Kulkarni,1,0,0,0,0,0,1,0.4864864865,0.81,5,0.2307692308,0.8214285714,0.1,0,0.46875,1
Priya Gupta,0,1,0,0,0,0,-0.3200000001,0.4594594595,0.4489361702,6,0.8717948718,0.7142857143,0,1,0.4375,2
Bhagat Raj,0,0,1,0,0,0,0.4799999999,0.972972973,0.8517021277,2,0.3333333333,0.8214285714,0.13,3,0.625,1
Tisca Chopra ,0,0,0,1,0,0,1,1,1,3,0.5897435897,0.5714285714,0.05,4,0.8125,1
Subramanian,0,0,0,0,1,0,0.36,1,0.8297872341,5,0.05128205128,0.6071428571,0.01,3,0.53125,0
G.Kempegowda ,0,0,0,0,0,1,0.7599999999,0.6756756757,0.8161702128,1,0.6666666667,0.6428571429,0.94,5,0.25,1
Vetrivel,1,0,0,0,0,0,1,1,1,1,0.1025641026,0.6071428571,0.08,4,0.40625,0
Rajesh Sharma ,0,1,0,0,0,0,1,0.6756756757,0.88,4,0.358974359,0.1428571429,0.01,6,0.5,0
Anil Chaudhary,0,0,1,0,0,0,1,1,1,2,0.641025641,0.3571428571,0.81,4,0.4375,1
Debolina Roy,0,0,0,1,0,0,0.92,0.2972972973,0.7187234043,2,0.7179487179,0.07142857143,0.7,3,0.875,0
Srushti Kulkarni,0,0,0,0,1,0,0.72,0.5675675676,0.7655319149,5,0.4102564103,0.2857142857,0,4,0.09375,1
Priya Gupta,0,0,0,0,0,1,0.8,0.7027027027,0.8368085107,2,0.05128205128,0.9285714286,0.72,0,0.75,2
Bhagat Raj,1,0,0,0,0,0,1,1,1,1,0.7948717949,0.6785714286,0.03,1,0.40625,1
Tisca Chopra ,0,1,0,0,0,0,1,0.7567567568,0.91,6,0.3076923077,0.6785714286,0.01,4,0.28125,1
Subramanian,0,0,1,0,0,0,0.8,0.3513513514,0.7068085107,2,0.2307692308,0.8928571429,0.18,7,0.71875,0
G.Kempegowda ,0,0,0,1,0,0,1,1,1,4,0.8717948718,0.3214285714,0.15,5,0.5,1
Vetrivel,0,0,0,0,1,0,0.36,0.5945945946,0.6797872341,2,0.3076923077,0.7142857143,0.16,0,0.84375,0
Rajesh Sharma ,0,0,0,0,0,1,1,0.8648648649,0.95,1,0.8974358974,1,0.02,6,0.28125,1
Anil Chaudhary,1,0,0,0,0,0,1,0.4594594595,0.8,4,0.2051282051,0.07142857143,0.73,5,0.5625,0
Debolina Roy,0,1,0,0,0,0,1,0.4054054054,0.78,1,0.641025641,0.6071428571,0.25,0,0.59375,1
Srushti Kulkarni,0,0,1,0,0,0,1,1,1,1,0.2820512821,0.25,0.01,2,0.34375,1
Priya Gupta,0,0,0,1,0,0,0.7599999999,0.5945945946,0.7861702128,1,0.358974359,0.4285714286,0.55,3,0.34375,1