Class_advisor,Class A,Class B,Class C,Class D,Class E,Class F,Math_participation,Sci_participation,Participation_score,Week_number,Attendance_rate,Assignment_submission,Questions_asked,Interaction_count,Feedback_rating,Engagement_category
Bhagat Raj,1,0,0,0,0,0,0.5319148936,0.54,0.5359574468,2,0.78,0.78,0.1,1,3.1,Low
Tisca Chopra ,0,1,0,0,0,0,0.7021276596,0.44,0.5710638298,1,0.84,0.71,0.65,1,3.1,Medium
Subramanian,0,0,1,0,0,0,0.7659574468,0.86,0.8129787234,1,0.96,0.76,0.46,1,4.7,Low
G.Kempegowda ,0,0,0,1,0,0,0.5106382979,0.98,0.745319149,1,0.77,0.97,0.5,5,3.3,Low
Vetrivel,0,0,0,0,1,0,0.6808510638,0.66,0.6704255319,2,0.86,0.96,0.52,7,3.9,Medium
Rajesh Sharma ,0,0,0,0,0,1,0.6170212766,0.52,0.5685106383,1,0.61,0.73,0,1,2.8,Medium
Anil Chaudhary,1,0,0,0,0,0,1,1,1,6,0.92,0.89,0.34,0,3.2,Medium
Debolina Roy,0,1,0,0,0,0,0.9787234043,0.84,0.9093617022,1,0.9,0.71,0.23,0,2.5,Low
Srushti Kulkarni,0,0,1,0,0,0,0.6170212766,0.48,0.5485106383,4,0.67,0.71,0.12,5,3.5,Low
Priya Gupta,0,0,0,1,0,0,1,0.88,0.94,6,0.92,0.75,0.18,5,2.8,Medium
Bhagat Raj,0,0,0,0,1,0,0.5957446809,0.72,0.6578723405,1,0.99,0.85,0.02,3,3.3,High
Tisca Chopra ,0,0,0,0,0,1,0.8085106383,0.42,0.6142553192,1,0.76,0.74,0.34,2,2.5,Medium
Subramanian,1,0,0,0,0,0,0.8723404255,0.98,0.9261702128,6,0.68,0.97,0.77,3,4,Medium
G.Kempegowda ,0,1,0,0,0,0,0.6382978723,0.86,0.7491489362,2,0.61,0.91,0.05,2,2.2,Medium
Vetrivel,0,0,1,0,0,0,0.6382978723,0.88,0.7591489362,1,0.77,0.9,0.79,1,4,Low
Rajesh Sharma ,0,0,0,1,0,0,0.7659574468,0.88,0.8229787234,6,0.97,0.93,0.87,3,2.6,Medium
Anil Chaudhary,0,0,0,0,1,0,1,1,1,3,0.81,0.89,0.01,3,3.4,Medium
Debolina Roy,0,0,0,0,0,1,1,0.78,0.89,6,0.92,0.76,0.26,2,3.2,Medium
Srushti Kulkarni,1,0,0,0,0,0,1,1,1,4,0.72,0.91,0.47,6,2.4,Low
Priya Gupta,0,1,0,0,0,0,0.9574468085,0.7,0.8287234043,6,0.91,0.81,0,0,1.5,Low
Bhagat Raj,0,0,1,0,0,0,0.4680851064,0.5,0.4840425532,4,0.83,0.74,0.51,3,2.4,Low
Tisca Chopra ,0,0,0,1,0,0,0.9361702128,0.82,0.8780851064,2,0.97,0.86,0.06,4,2.2,Medium
Subramanian,0,0,0,0,1,0,0.6170212766,0.64,0.6285106383,2,0.9,0.86,0.02,5,2.7,Medium
G.Kempegowda ,0,0,0,0,0,1,1,1,1,5,0.83,0.85,0.97,3,3.6,Low
Vetrivel,1,0,0,0,0,0,0.6808510638,1,0.8404255319,3,0.71,0.73,0.1,5,3.1,Medium
Rajesh Sharma ,0,1,0,0,0,0,1,0.68,0.84,2,0.97,0.83,0.93,4,2.4,Low
Anil Chaudhary,0,0,1,0,0,0,1,0.86,0.93,6,0.64,0.93,0.87,0,3.1,Medium
Debolina Roy,0,0,0,1,0,0,1,0.86,0.93,1,0.92,0.92,0.31,5,1.9,Medium
Srushti Kulkarni,0,0,0,0,1,0,0.7021276596,0.84,0.7710638298,6,0.77,0.74,0.12,5,3.2,Low
Priya Gupta,0,0,0,0,0,1,0.9787234043,0.84,0.9093617022,3,0.67,0.82,0.01,4,2.8,Low
Bhagat Raj,1,0,0,0,0,0,1,1,1,3,1,0.8,0.1,2,1.6,Medium
Tisca Chopra ,0,1,0,0,0,0,0.6595744681,0.26,0.4597872341,5,0.76,0.98,0.04,5,3.1,Medium
Subramanian,0,0,1,0,0,0,0.5957446809,0.4,0.4978723405,3,0.89,0.9,0.01,1,2.4,Medium
G.Kempegowda ,0,0,0,1,0,0,0.8085106383,1,0.9042553192,4,0.85,0.87,0.03,4,1.6,Low
Vetrivel,0,0,0,0,1,0,1,1,1,1,0.86,0.78,0.96,8,3.2,Medium
Rajesh Sharma ,0,0,0,0,0,1,0.4893617021,0.54,0.5146808511,5,0.74,0.93,0.01,3,2.4,Low
Anil Chaudhary,1,0,0,0,0,0,0.9787234043,0.38,0.6793617022,3,0.79,0.96,0.81,0,3.4,Low
Debolina Roy,0,1,0,0,0,0,1,1,1,1,0.66,0.78,0,8,1.9,Medium
Srushti Kulkarni,0,0,1,0,0,0,0.8723404255,0.84,0.8561702128,3,0.9,0.78,0.15,4,3.2,High
Priya Gupta,0,0,0,1,0,0,1,0.7,0.85,4,0.78,0.81,0.93,0,3.5,Medium
Bhagat Raj,0,0,0,0,1,0,1,0.96,0.98,2,0.68,0.99,0.67,4,2.6,High
Tisca Chopra ,0,0,0,0,0,1,1,0.82,0.91,5,0.76,0.98,0.08,1,3.6,Medium
Subramanian,1,0,0,0,0,0,0.6382978723,0.82,0.7291489362,3,0.8,0.97,0.12,2,2.1,Medium
G.Kempegowda ,0,1,0,0,0,0,0.7872340426,0.74,0.7636170213,1,0.94,0.95,0.89,0,3.2,Medium
Vetrivel,0,0,1,0,0,0,0.7659574468,0.98,0.8729787234,1,0.96,0.91,0.83,8,2.5,Low
Rajesh Sharma ,0,0,0,1,0,0,1,0.42,0.71,2,0.68,0.73,0.06,5,2.6,Medium
Anil Chaudhary,0,0,0,0,1,0,0.9361702128,0.54,0.7380851064,1,0.93,0.76,0.74,3,1.8,Low
Debolina Roy,0,0,0,0,0,1,0.914893617,0.54,0.7274468085,2,0.95,0.88,0.27,1,2.3,Medium
Srushti Kulkarni,1,0,0,0,0,0,1,0.88,0.94,1,0.78,0.81,0.01,1,2.5,Medium
Priya Gupta,0,1,0,0,0,0,0.7234042553,0.8,0.7617021277,6,0.71,0.72,0.99,5,3.8,Low
Bhagat Raj,0,0,1,0,0,0,0.9574468085,0.74,0.8487234043,1,0.83,0.84,0.1,0,1.7,Medium
Tisca Chopra ,0,0,0,1,0,0,1,0.5,0.75,4,0.89,0.82,0.9,4,2.5,Medium
Subramanian,0,0,0,0,1,0,1,0.9,0.95,2,0.99,0.89,0.07,4,3.2,Low
G.Kempegowda ,0,0,0,0,0,1,1,0.84,0.92,4,0.85,0.77,0.75,3,4.2,Low
Vetrivel,1,0,0,0,0,0,0.7659574468,1,0.8829787234,2,0.99,0.71,0.67,2,2.6,Low
Rajesh Sharma ,0,1,0,0,0,0,0.8085106383,0.76,0.7842553192,6,0.64,0.78,0.02,0,2.9,High
Anil Chaudhary,0,0,1,0,0,0,0.6170212766,0.8,0.7085106383,1,0.66,0.91,0.38,0,3.5,Medium
Debolina Roy,0,0,0,1,0,0,0.8936170213,0.34,0.6168085107,1,0.97,0.74,0.02,2,4,Low
Srushti Kulkarni,0,0,0,0,1,0,0.914893617,0.58,0.7474468085,5,0.98,0.71,0.43,0,2.7,Medium
Priya Gupta,0,0,0,0,0,1,0.9361702128,0.9,0.9180851064,3,0.98,0.98,0.16,4,3,Low
Bhagat Raj,1,0,0,0,0,0,1,0.88,0.94,3,0.72,0.96,0.68,2,2.6,Medium
Tisca Chopra ,0,1,0,0,0,0,1,1,1,3,0.87,0.88,0.02,3,3.5,Low
Subramanian,0,0,1,0,0,0,0.8510638298,0.46,0.6555319149,1,0.63,0.8,0.18,1,4.3,Low
G.Kempegowda ,0,0,0,1,0,0,0.7021276596,0.96,0.8310638298,1,0.71,0.96,0.76,6,2.1,Medium
Vetrivel,0,0,0,0,1,0,0.5957446809,1,0.7978723405,3,0.94,0.89,0.33,5,2.2,Medium
Rajesh Sharma ,0,0,0,0,0,1,1,1,1,3,0.92,0.79,0.15,3,3.6,Low
Anil Chaudhary,1,0,0,0,0,0,1,0.86,0.93,3,0.74,0.76,0.32,5,2.9,Medium
Debolina Roy,0,1,0,0,0,0,1,0.96,0.98,3,0.87,0.93,0.77,4,2.6,Medium
Srushti Kulkarni,0,0,1,0,0,0,0.8510638298,0.56,0.7055319149,1,0.64,0.82,0.38,2,2.2,Medium
Priya Gupta,0,0,0,1,0,0,0.5531914894,1,0.7765957447,1,0.73,1,0.84,7,2.7,Low
Bhagat Raj,0,0,0,0,1,0,0.6382978723,0.7,0.6691489362,1,0.74,0.73,0.02,0,3.7,Medium
Tisca Chopra ,0,0,0,0,0,1,1,0.92,0.96,3,0.74,0.85,0.06,3,2.6,Low
Subramanian,1,0,0,0,0,0,0.8723404255,0.74,0.8061702128,1,0.85,0.72,0.45,4,3.7,Medium
G.Kempegowda ,0,1,0,0,0,0,0.6595744681,0.36,0.5097872341,1,0.72,0.79,0.51,5,3.4,Low
Vetrivel,0,0,1,0,0,0,0.9574468085,1,0.9787234043,1,0.84,0.83,0.05,5,3.3,Medium
Rajesh Sharma ,0,0,0,1,0,0,0.5319148936,0.68,0.6059574468,2,0.69,0.81,0.59,1,3.1,Low
Anil Chaudhary,0,0,0,0,1,0,0.9574468085,1,0.9787234043,1,0.95,0.99,0.04,2,3.2,Medium
Debolina Roy,0,0,0,0,0,1,1,1,1,3,0.7,0.94,0.08,3,1.6,Low
Srushti Kulkarni,1,0,0,0,0,0,0.8510638298,0.44,0.6455319149,3,0.86,0.74,0.01,2,3.2,Medium
Priya Gupta,0,1,0,0,0,0,1,0.92,0.96,1,0.9,0.75,0.02,1,2.9,Low
Bhagat Raj,0,0,1,0,0,0,0.4893617021,0.68,0.5846808511,1,0.85,0.81,0.01,2,3.3,Low
Tisca Chopra ,0,0,0,1,0,0,1,1,1,1,0.68,0.94,0.35,5,2.4,High
Subramanian,0,0,0,0,1,0,0.6595744681,0.68,0.6697872341,3,0.88,0.9,0.42,8,2.6,Low
G.Kempegowda ,0,0,0,0,0,1,1,0.5,0.75,3,0.99,0.97,0.46,3,2.5,Medium
Vetrivel,1,0,0,0,0,0,1,0.94,0.97,1,0.92,0.77,0.32,3,1.9,Medium
Rajesh Sharma ,0,1,0,0,0,0,0.6170212766,1,0.8085106383,1,0.84,0.79,0.36,4,2.8,Medium
Anil Chaudhary,0,0,1,0,0,0,0.8723404255,0.88,0.8761702128,5,0.97,0.82,0.09,2,2.5,Low
Debolina Roy,0,0,0,1,0,0,0.4893617021,0.82,0.6546808511,2,0.86,0.84,0.23,4,3,Low
Srushti Kulkarni,0,0,0,0,1,0,0.6382978723,0.7,0.6691489362,3,0.89,0.89,0.32,3,3.7,Medium
Priya Gupta,0,0,0,0,0,1,1,1,1,6,0.73,0.72,0,5,2,Medium
Bhagat Raj,1,0,0,0,0,0,0.8085106383,0.68,0.7442553192,2,0.77,0.75,0.17,3,4,Low
Tisca Chopra ,0,1,0,0,0,0,0.829787234,0.36,0.594893617,2,0.85,0.88,0.34,5,2.7,Medium
Subramanian,0,0,1,0,0,0,0.914893617,0.84,0.8774468085,1,0.77,0.86,0.71,3,3.7,Medium
G.Kempegowda ,0,0,0,1,0,0,1,1,1,5,0.65,0.76,0.96,0,2.3,Low
Vetrivel,0,0,0,0,1,0,0.8510638298,0.8,0.8255319149,6,0.76,0.86,0.22,1,2.4,Medium
Rajesh Sharma ,0,0,0,0,0,1,0.7446808511,1,0.8723404256,2,0.66,0.94,0.24,1,2.5,Medium
Anil Chaudhary,1,0,0,0,0,0,1,0.94,0.97,3,0.98,0.96,0.75,4,3,Medium
Debolina Roy,0,1,0,0,0,0,1,0.68,0.84,2,0.62,0.99,0,5,4.4,High
Srushti Kulkarni,0,0,1,0,0,0,0.9574468085,1,0.9787234043,4,0.68,0.93,0.34,7,2.5,Low
Priya Gupta,0,0,0,1,0,0,0.829787234,0.72,0.774893617,1,0.99,0.91,0.36,0,3.1,Low
Bhagat Raj,0,0,0,0,1,0,0.5957446809,0.88,0.7378723405,6,0.92,0.85,0.16,1,4,Low
Tisca Chopra ,0,0,0,0,0,1,0.8085106383,0.48,0.6442553192,3,0.62,0.96,0.73,3,2.4,Medium
Subramanian,1,0,0,0,0,0,0.914893617,0.72,0.8174468085,1,0.64,0.86,0,1,2.3,Medium
G.Kempegowda ,0,1,0,0,0,0,1,0.74,0.87,5,0.71,0.71,0.81,1,3.4,Low
Vetrivel,0,0,1,0,0,0,0.8510638298,1,0.9255319149,5,0.97,0.98,0.78,2,2.9,High
Rajesh Sharma ,0,0,0,1,0,0,0.7021276596,0.34,0.5210638298,2,0.66,0.72,0.46,4,2.9,Low
Anil Chaudhary,0,0,0,0,1,0,0.7446808511,0.44,0.5923404256,1,0.96,0.78,0,4,2,Medium
Debolina Roy,0,0,0,0,0,1,0.9787234043,0.98,0.9793617022,1,0.86,0.77,0.53,4,4.6,Medium
Srushti Kulkarni,1,0,0,0,0,0,0.9361702128,0.9,0.9180851064,2,0.71,0.98,0.07,0,1.9,Low
Priya Gupta,0,1,0,0,0,0,0.9574468085,0.96,0.9587234043,4,0.78,0.93,0.18,1,3.2,Medium
Bhagat Raj,0,0,1,0,0,0,0.9787234043,0.48,0.7293617022,1,0.83,0.86,0.2,4,2.2,Medium
Tisca Chopra ,0,0,0,1,0,0,1,0.62,0.81,5,0.64,0.99,0.99,1,2.8,Medium
Subramanian,0,0,0,0,1,0,0.5319148936,0.28,0.4059574468,3,0.69,0.91,0,5,3.6,Low
G.Kempegowda ,0,0,0,0,0,1,0.8936170213,0.56,0.7268085107,4,0.97,0.74,0.08,2,2,Low
Vetrivel,1,0,0,0,0,0,1,0.7,0.85,2,0.63,0.95,0.22,3,2,Low
Rajesh Sharma ,0,1,0,0,0,0,1,0.78,0.89,4,0.89,0.72,0.73,2,3.3,Low
Anil Chaudhary,0,0,1,0,0,0,0.6808510638,0.62,0.6504255319,1,0.72,0.8,0.04,4,3.8,Medium
Debolina Roy,0,0,0,1,0,0,0.8936170213,0.82,0.8568085107,1,0.75,0.7,0.97,2,3.5,Medium
Srushti Kulkarni,0,0,0,0,1,0,0.5957446809,1,0.7978723405,1,0.73,0.77,0.17,5,2.9,Low
Priya Gupta,0,0,0,0,0,1,0.7872340426,0.44,0.6136170213,4,0.84,0.97,0.3,3,2.4,Medium
Bhagat Raj,1,0,0,0,0,0,0.06382978723,0.76,0.4119148936,2,0.93,0.93,0,1,3.5,Low
Tisca Chopra ,0,1,0,0,0,0,1,0.96,0.98,2,0.94,0.83,0.42,3,2.1,Medium
Subramanian,0,0,1,0,0,0,0.4893617021,0.62,0.5546808511,2,0.62,0.77,0.62,1,2.3,Medium
G.Kempegowda ,0,0,0,1,0,0,0.9574468085,0.66,0.8087234043,1,0.77,0.93,0.81,4,1.9,Medium
Vetrivel,0,0,0,0,1,0,0.7446808511,0.68,0.7123404256,1,0.96,0.87,0.04,7,2.8,Low
Rajesh Sharma ,0,0,0,0,0,1,0.6170212766,0.68,0.6485106383,3,0.91,0.93,0.2,2,2.7,Medium
Anil Chaudhary,1,0,0,0,0,0,0.8085106383,1,0.9042553192,5,0.94,0.93,0.21,1,2.1,Medium
Debolina Roy,0,1,0,0,0,0,1,1,1,2,0.77,0.77,0.04,6,2.4,Low
Srushti Kulkarni,0,0,1,0,0,0,0.8936170213,0.66,0.7768085107,1,0.63,0.86,0.02,4,1.7,Low
Priya Gupta,0,0,0,1,0,0,0.2340425532,0.64,0.4370212766,2,0.66,0.77,0.21,7,2.6,Low
Bhagat Raj,0,0,0,0,1,0,1,0.52,0.76,2,0.91,0.84,0.41,0,1.9,Medium
Tisca Chopra ,0,0,0,0,0,1,1,0.88,0.94,2,0.92,0.7,0,3,2.9,Low
Subramanian,1,0,0,0,0,0,0.5957446809,1,0.7978723405,1,0.68,0.89,0.86,3,4.2,Medium
G.Kempegowda ,0,1,0,0,0,0,0.6170212766,0.5,0.5585106383,2,0.92,0.76,0.29,3,2.5,Medium
Vetrivel,0,0,1,0,0,0,1,0.46,0.73,5,0.87,0.96,0.24,2,4.5,Low
Rajesh Sharma ,0,0,0,1,0,0,0.5319148936,0.72,0.6259574468,1,0.95,0.79,0.29,3,2.9,Low
Anil Chaudhary,0,0,0,0,1,0,0.7659574468,0.74,0.7529787234,3,0.75,0.97,0,0,1.9,Low
Debolina Roy,0,0,0,0,0,1,1,0.6,0.8,2,0.88,0.93,0.94,4,3.2,Low
Srushti Kulkarni,1,0,0,0,0,0,1,0.92,0.96,2,0.84,0.76,0.32,0,2.9,Medium
Priya Gupta,0,1,0,0,0,0,0.8723404255,0.72,0.7961702128,1,0.69,0.74,0.01,3,3.6,High
Bhagat Raj,0,0,1,0,0,0,0.7659574468,0.48,0.6229787234,1,0.78,0.94,0.02,0,4.1,Medium
Tisca Chopra ,0,0,0,1,0,0,0.3829787234,0.72,0.5514893617,1,0.78,0.72,0.33,5,2.9,Medium
Subramanian,0,0,0,0,1,0,0.7234042553,0.22,0.4717021277,5,0.84,0.83,0.01,3,1.7,Low
G.Kempegowda ,0,0,0,0,0,1,0.7872340426,0.24,0.5136170213,4,0.82,0.96,0,0,3.3,Medium
Vetrivel,1,0,0,0,0,0,0.8510638298,0.58,0.7155319149,2,0.96,0.75,0.31,8,2.4,Low
Rajesh Sharma ,0,1,0,0,0,0,1,1,1,4,0.87,0.9,0.31,3,2.8,High
Anil Chaudhary,0,0,1,0,0,0,1,0.68,0.84,6,0.93,0.97,0.53,5,3.4,Medium
Debolina Roy,0,0,0,1,0,0,0.9787234043,0.82,0.8993617022,1,0.97,0.97,0.88,4,3.4,Low
Srushti Kulkarni,0,0,0,0,1,0,0.5744680851,0.8,0.6872340426,1,0.93,0.74,0.61,0,3.3,Medium
Priya Gupta,0,0,0,0,0,1,0.8510638298,0.38,0.6155319149,3,0.74,1,0.45,5,2.1,Low
Bhagat Raj,1,0,0,0,0,0,1,1,1,1,0.97,0.7,0.08,1,3.2,Medium
Tisca Chopra ,0,1,0,0,0,0,0.7021276596,0.94,0.8210638298,1,0.65,0.82,0.49,1,3.5,Low
Subramanian,0,0,1,0,0,0,0.829787234,0.78,0.804893617,1,0.68,0.87,0.72,5,2.6,Low
G.Kempegowda ,0,0,0,1,0,0,0.8723404255,0.94,0.9061702128,1,0.77,0.72,0.26,1,4.4,Medium
Vetrivel,0,0,0,0,1,0,0.6808510638,0.44,0.5604255319,5,0.86,0.92,0.04,6,2.2,Medium
Rajesh Sharma ,0,0,0,0,0,1,0.5106382979,0.9,0.705319149,1,0.74,0.89,0.96,1,3.4,Low
Anil Chaudhary,1,0,0,0,0,0,1,0.82,0.91,5,0.71,0.82,0.58,1,3.4,Low
Debolina Roy,0,1,0,0,0,0,1,0.5,0.75,1,0.65,0.89,0.71,4,2.8,Medium
Srushti Kulkarni,0,0,1,0,0,0,0.8510638298,0.76,0.8055319149,2,0.91,0.73,0.04,4,3.9,Low
Priya Gupta,0,0,0,1,0,0,0.7659574468,0.88,0.8229787234,3,0.61,0.99,0.05,2,4.3,High
Bhagat Raj,0,0,0,0,1,0,0.4893617021,1,0.7446808511,4,0.94,0.75,0.55,4,2.5,Low
Tisca Chopra ,0,0,0,0,0,1,0.7872340426,0.5,0.6436170213,1,0.97,0.89,0.08,2,2.6,Medium
Subramanian,1,0,0,0,0,0,1,0.66,0.83,6,0.79,0.82,0.77,4,4,Medium
G.Kempegowda ,0,1,0,0,0,0,0.9787234043,1,0.9893617022,3,0.69,0.77,0.22,5,2.3,Medium
Vetrivel,0,0,1,0,0,0,0.7234042553,0.56,0.6417021277,2,0.71,0.71,0.18,3,2.6,High
Rajesh Sharma ,0,0,0,1,0,0,0.8085106383,1,0.9042553192,3,0.92,0.83,0.22,1,2,High
Anil Chaudhary,0,0,0,0,1,0,0.5319148936,1,0.7659574468,2,0.74,0.91,0.7,2,2.7,Low
Debolina Roy,0,0,0,0,0,1,0.8723404255,0.58,0.7261702128,3,0.81,0.73,0.14,0,3,Low
Srushti Kulkarni,1,0,0,0,0,0,0.8936170213,0.82,0.8568085107,5,0.64,0.75,0.58,3,3.3,Low
Priya Gupta,0,1,0,0,0,0,0.5744680851,0.62,0.5972340426,4,0.67,0.9,0,5,3,Low
Bhagat Raj,0,0,1,0,0,0,1,1,1,4,0.76,0.95,0.07,0,2.6,Medium
Tisca Chopra ,0,0,0,1,0,0,1,0.96,0.98,6,0.9,0.98,0.07,0,3,Low
Subramanian,0,0,0,0,1,0,0.9787234043,0.76,0.8693617022,6,0.61,0.84,0.01,5,2.4,Low
G.Kempegowda ,0,0,0,0,0,1,0.6382978723,0.74,0.6891489362,6,0.64,0.78,0.67,3,2.3,High
Vetrivel,1,0,0,0,0,0,0.4680851064,0.38,0.4240425532,1,0.97,0.7,0.04,0,1.6,Low
Rajesh Sharma ,0,1,0,0,0,0,0.9787234043,1,0.9893617022,1,0.96,0.89,0.31,3,3.2,Low
Anil Chaudhary,0,0,1,0,0,0,1,0.44,0.72,2,0.74,0.72,0.33,0,3.1,High
Debolina Roy,0,0,0,1,0,0,1,0.7,0.85,1,0.97,0.98,0.11,8,2.9,Low
Srushti Kulkarni,0,0,0,0,1,0,1,1,1,5,0.83,0.74,0.71,0,2.6,Medium
Priya Gupta,0,0,0,0,0,1,0.5957446809,0.66,0.6278723405,2,0.67,0.99,0.64,3,1.7,Medium
Bhagat Raj,1,0,0,0,0,0,0.7021276596,1,0.8510638298,3,0.83,0.95,0.27,4,1.8,Medium
Tisca Chopra ,0,1,0,0,0,0,1,1,1,2,0.81,0.99,0.74,0,3,Medium
Subramanian,0,0,1,0,0,0,0.5957446809,0.64,0.6178723405,1,0.62,0.92,0.12,2,2.1,Low
G.Kempegowda ,0,0,0,1,0,0,1,0.64,0.82,3,0.61,0.9,0.47,2,3.1,Medium
Vetrivel,0,0,0,0,1,0,1,1,1,2,0.94,0.86,0.76,1,3.5,Medium
Rajesh Sharma ,0,0,0,0,0,1,1,0.4,0.7,1,0.83,0.88,0.94,3,2.3,Low
Anil Chaudhary,1,0,0,0,0,0,1,0.74,0.87,3,0.76,0.7,0.42,5,2.1,Low
Debolina Roy,0,1,0,0,0,0,0.829787234,0.7,0.764893617,4,0.86,0.8,0.85,0,3.8,Low
Srushti Kulkarni,0,0,1,0,0,0,0.829787234,0.48,0.654893617,1,0.98,0.76,0.35,0,3,Medium
Priya Gupta,0,0,0,1,0,0,0.9574468085,0.98,0.9687234043,4,0.94,0.88,0.19,0,3.7,Medium
Bhagat Raj,0,0,0,0,1,0,0.6595744681,0.5,0.5797872341,2,0.98,0.74,0.93,1,1.8,Low
Tisca Chopra ,0,0,0,0,0,1,0.914893617,0.52,0.7174468085,1,0.81,0.88,0.19,2,2.5,Low
Subramanian,1,0,0,0,0,0,1,1,1,1,0.6,0.89,0.37,5,1.7,Low
G.Kempegowda ,0,1,0,0,0,0,0.5744680851,0.72,0.6472340426,3,0.85,0.96,0.48,3,2.1,High
Vetrivel,0,0,1,0,0,0,0.914893617,0.9,0.9074468085,1,0.73,0.76,0.11,0,4.1,Medium
Rajesh Sharma ,0,0,0,1,0,0,0.4042553191,0.74,0.5721276596,3,0.66,0.71,0.32,5,2.1,Low
Anil Chaudhary,0,0,0,0,1,0,1,1,1,3,0.64,0.92,0.05,1,3.1,Medium
Debolina Roy,0,0,0,0,0,1,0.7234042553,1,0.8617021277,5,0.96,0.99,0.23,8,2.4,Medium
Srushti Kulkarni,1,0,0,0,0,0,0.5744680851,0.84,0.7072340426,6,0.71,0.96,0.39,5,1.8,Low
Priya Gupta,0,1,0,0,0,0,0.5531914894,0.68,0.6165957447,4,0.73,0.88,0.85,2,2.6,Low
Bhagat Raj,0,0,1,0,0,0,0.4893617021,0.88,0.6846808511,1,0.7,0.89,0.96,8,3.7,Low
Tisca Chopra ,0,0,0,1,0,0,0.2553191489,0.76,0.5076595745,5,0.82,0.97,0.02,2,2.1,Medium
Subramanian,0,0,0,0,1,0,0.9574468085,0.92,0.9387234043,1,0.93,0.77,0.59,2,2.8,Medium
G.Kempegowda ,0,0,0,0,0,1,0.9787234043,0.96,0.9693617022,6,0.6,0.79,0.24,5,2,Low
Vetrivel,1,0,0,0,0,0,0.6808510638,0.64,0.6604255319,1,0.84,0.75,0,4,1.6,Low
Rajesh Sharma ,0,1,0,0,0,0,1,1,1,5,0.76,0.83,0,7,3.2,Medium
Anil Chaudhary,0,0,1,0,0,0,0.914893617,0.64,0.7774468085,6,0.97,0.97,0.07,4,3.5,Low
Debolina Roy,0,0,0,1,0,0,1,1,1,5,0.64,0.72,0.01,5,2.9,Medium
Srushti Kulkarni,0,0,0,0,1,0,0.7446808511,0.38,0.5623404256,4,0.65,0.82,0.19,0,2.1,Medium
Priya Gupta,0,0,0,0,0,1,0.5957446809,0.68,0.6378723405,1,0.99,0.97,0.02,8,2.5,Low
Bhagat Raj,1,0,0,0,0,0,1,0.54,0.77,2,0.67,0.75,0.01,3,2.9,High
Tisca Chopra ,0,1,0,0,0,0,1,0.92,0.96,1,0.98,0.86,0.29,2,4.3,Low
Subramanian,0,0,1,0,0,0,0.7234042553,1,0.8617021277,1,0.96,0.7,0.75,5,2.9,Medium
G.Kempegowda ,0,0,0,1,0,0,0.7234042553,1,0.8617021277,6,0.87,0.88,0,2,1.9,Low
Vetrivel,0,0,0,0,1,0,0.6595744681,0.22,0.4397872341,2,0.61,0.95,0.32,2,2.1,Low
Rajesh Sharma ,0,0,0,0,0,1,0.6808510638,1,0.8404255319,3,0.64,0.81,0.25,3,4.4,Medium
Anil Chaudhary,1,0,0,0,0,0,0.829787234,0.74,0.784893617,3,0.71,0.95,0.51,3,2,Low
Debolina Roy,0,1,0,0,0,0,0.7021276596,0.64,0.6710638298,3,0.62,0.7,0.09,0,3.4,Low
Srushti Kulkarni,0,0,1,0,0,0,1,0.84,0.92,6,0.74,0.71,0.58,3,3,Low
Priya Gupta,0,0,0,1,0,0,1,1,1,1,0.66,0.99,0.02,3,3.7,Medium
Bhagat Raj,0,0,0,0,1,0,0.7659574468,0.54,0.6529787234,3,0.96,0.98,0.03,1,2.3,Low
Tisca Chopra ,0,0,0,0,0,1,0.8936170213,0.68,0.7868085107,6,0.95,0.71,0.05,4,3.6,Low
Subramanian,1,0,0,0,0,0,0.8510638298,0.48,0.6655319149,1,0.89,0.85,0.03,1,4.7,Low
G.Kempegowda ,0,1,0,0,0,0,0.7872340426,0.78,0.7836170213,3,0.78,0.98,0.16,3,1.8,Medium
Vetrivel,0,0,1,0,0,0,0.6808510638,0.68,0.6804255319,5,0.78,0.82,0.57,5,4.1,Medium
Rajesh Sharma ,0,0,0,1,0,0,1,0.68,0.84,6,0.88,0.8,0.46,8,3.6,Low
Anil Chaudhary,0,0,0,0,1,0,0.8723404255,0.7,0.7861702128,3,0.92,0.84,0.26,1,4,Medium
Debolina Roy,0,0,0,0,0,1,1,1,1,3,0.81,0.77,0.03,0,3.4,Medium
Srushti Kulkarni,1,0,0,0,0,0,0.5106382979,0.9,0.705319149,1,0.71,0.77,0.43,3,3.6,Low
Priya Gupta,0,1,0,0,0,0,0.4893617021,0.8,0.6446808511,2,0.95,0.77,0.46,0,2.2,Medium
Bhagat Raj,0,0,1,0,0,0,0.7659574468,0.8,0.7829787234,6,0.79,0.83,0.85,2,3.5,Medium
Tisca Chopra ,0,0,0,1,0,0,0.9361702128,0.8,0.8680851064,3,0.85,0.83,0.92,1,2.8,Medium
Subramanian,0,0,0,0,1,0,1,0.98,0.99,4,0.84,0.86,0.5,6,2.1,Medium
G.Kempegowda ,0,0,0,0,0,1,0.7872340426,0.72,0.7536170213,1,0.81,0.8,0.45,5,2.5,Low
Vetrivel,1,0,0,0,0,0,0.7872340426,0.48,0.6336170213,2,0.95,0.92,0.05,1,1.9,Low
Rajesh Sharma ,0,1,0,0,0,0,1,1,1,6,0.62,0.73,0.87,5,2.1,Low
Anil Chaudhary,0,0,1,0,0,0,1,1,1,4,0.8,0.93,0.36,1,3.4,Low
Debolina Roy,0,0,0,1,0,0,0.8510638298,1,0.9255319149,5,0.95,0.75,0.72,0,3.1,Low
Srushti Kulkarni,0,0,0,0,1,0,0.9574468085,0.9,0.9287234043,1,0.82,0.97,0.18,1,2.2,Low
Priya Gupta,0,0,0,0,0,1,0.8936170213,0.94,0.9168085107,1,0.92,0.77,0.06,3,2.4,Low
Bhagat Raj,1,0,0,0,0,0,0.9361702128,0.66,0.7980851064,3,0.89,0.78,0.56,5,2.7,Low
Tisca Chopra ,0,1,0,0,0,0,0.829787234,0.86,0.844893617,6,0.87,0.87,0.25,4,2.2,High
Subramanian,0,0,1,0,0,0,0.8936170213,0.74,0.8168085107,5,0.95,0.87,0.24,3,2.8,Low
G.Kempegowda ,0,0,0,1,0,0,0.5531914894,1,0.7765957447,6,0.61,0.89,0.32,1,3.3,Low
Vetrivel,0,0,0,0,1,0,0.6595744681,0.48,0.5697872341,1,0.78,0.8,0.32,2,2.1,Medium
Rajesh Sharma ,0,0,0,0,0,1,0.7872340426,0.64,0.7136170213,2,0.87,0.87,0.83,8,4.3,Medium
Anil Chaudhary,1,0,0,0,0,0,0.7021276596,0.84,0.7710638298,6,0.66,0.81,0,0,1.9,Medium
Debolina Roy,0,1,0,0,0,0,1,1,1,2,0.83,0.78,0.27,1,3.7,Low
Srushti Kulkarni,0,0,1,0,0,0,0.9787234043,0.92,0.9493617022,3,0.67,0.8,0.03,4,1.5,Medium
Priya Gupta,0,0,0,1,0,0,1,1,1,6,0.86,0.74,0.03,0,2.5,Medium
Bhagat Raj,0,0,0,0,1,0,1,0.56,0.78,1,0.61,0.8,0,5,2,Low
Tisca Chopra ,0,0,0,0,0,1,0.829787234,0.44,0.634893617,5,0.92,0.72,0.38,5,2.4,Medium
Subramanian,1,0,0,0,0,0,0.6170212766,0.72,0.6685106383,2,0.81,0.84,0.87,4,3.2,Low
G.Kempegowda ,0,1,0,0,0,0,0.8510638298,0.94,0.8955319149,2,0.98,0.96,0.91,3,2.7,Medium
Vetrivel,0,0,1,0,0,0,0.8510638298,0.7,0.7755319149,1,0.79,0.87,0.39,6,4.2,Low
Rajesh Sharma ,0,0,0,1,0,0,0.914893617,0.42,0.6674468085,1,0.89,0.74,0.22,1,3.1,Low
Anil Chaudhary,0,0,0,0,1,0,0.6170212766,0.76,0.6885106383,6,0.75,0.73,0.01,0,2.1,Low
Debolina Roy,0,0,0,0,0,1,0.7446808511,0.36,0.5523404256,6,0.89,0.93,0.3,2,2.8,Medium
Srushti Kulkarni,1,0,0,0,0,0,0.5531914894,0.92,0.7365957447,3,0.67,0.73,0.07,1,2.2,Low
Priya Gupta,0,1,0,0,0,0,1,0.74,0.87,4,0.96,0.79,0.29,4,3.9,Medium
Bhagat Raj,0,0,1,0,0,0,0.829787234,0.94,0.884893617,2,0.71,0.82,0.03,3,1.8,Low
Tisca Chopra ,0,0,0,1,0,0,0.9574468085,1,0.9787234043,4,0.94,0.96,0.2,0,4,Medium
Subramanian,0,0,0,0,1,0,0.5957446809,0.74,0.6678723405,1,0.85,0.72,0.89,0,3.4,Low
G.Kempegowda ,0,0,0,0,0,1,0.9787234043,0.48,0.7293617022,3,0.77,0.77,0.6,4,2.3,Medium
Vetrivel,1,0,0,0,0,0,0.4680851064,0.48,0.4740425532,1,0.71,0.89,0.38,1,2.3,Low
Rajesh Sharma ,0,1,0,0,0,0,1,0.74,0.87,2,0.74,0.74,0.65,3,3.1,Low
Anil Chaudhary,0,0,1,0,0,0,1,1,1,3,0.84,0.72,0.47,1,3.7,Medium
Debolina Roy,0,0,0,1,0,0,1,1,1,4,0.95,0.96,0.78,2,2.6,Low
Srushti Kulkarni,0,0,0,0,1,0,0.8510638298,0.34,0.5955319149,1,0.91,0.74,0.06,5,1.8,Low
Priya Gupta,0,0,0,0,0,1,1,0.48,0.74,3,0.62,0.97,0.55,4,4.4,High
Bhagat Raj,1,0,0,0,0,0,0.8723404255,0.78,0.8261702128,2,0.93,0.94,0.17,5,3.1,Low
Tisca Chopra ,0,1,0,0,0,0,0.9787234043,0.82,0.8993617022,4,0.99,0.97,0.04,7,3.6,Medium
Subramanian,0,0,1,0,0,0,1,0.96,0.98,3,0.99,0.83,0.1,0,2.3,Low
G.Kempegowda ,0,0,0,1,0,0,0.9361702128,0.84,0.8880851064,2,0.81,0.92,0.52,1,1.7,Medium
Vetrivel,0,0,0,0,1,0,1,1,1,2,0.82,0.82,0.24,2,3.1,Medium
Rajesh Sharma ,0,0,0,0,0,1,0.4893617021,0.66,0.5746808511,1,0.7,0.92,0.81,2,4.1,Medium
Anil Chaudhary,1,0,0,0,0,0,0.5319148936,0.7,0.6159574468,5,0.99,0.85,0.7,2,3.4,Medium
Debolina Roy,0,1,0,0,0,0,0.9574468085,0.94,0.9487234043,1,0.63,0.74,0.42,3,3.6,Low
Srushti Kulkarni,0,0,1,0,0,0,1,0.66,0.83,4,0.94,0.83,0.3,7,2.8,Medium
Priya Gupta,0,0,0,1,0,0,0.6382978723,0.78,0.7091489362,3,0.91,0.98,0.68,1,3.5,Medium
Bhagat Raj,0,0,0,0,1,0,1,1,1,3,0.75,0.92,0.53,4,2.6,Low
Tisca Chopra ,0,0,0,0,0,1,1,0.94,0.97,1,0.75,0.91,0.26,7,1.8,Medium
Subramanian,1,0,0,0,0,0,1,0.48,0.74,1,0.75,0.77,0.26,2,2.7,Low
G.Kempegowda ,0,1,0,0,0,0,0.4255319149,0.48,0.4527659575,1,0.76,0.99,0.01,5,2.1,Medium
Vetrivel,0,0,1,0,0,0,0.8085106383,0.6,0.7042553192,5,0.98,0.76,0.03,4,2.6,Low
Rajesh Sharma ,0,0,0,1,0,0,0.6170212766,0.78,0.6985106383,3,0.62,0.76,0.21,3,2.4,Medium
Anil Chaudhary,0,0,0,0,1,0,0.9361702128,1,0.9680851064,5,0.75,0.88,0.39,5,3.4,Medium
Debolina Roy,0,0,0,0,0,1,0.6382978723,1,0.8191489362,1,0.82,0.83,0.03,3,2.1,Medium
Srushti Kulkarni,1,0,0,0,0,0,0.5957446809,0.56,0.5778723405,3,0.93,0.78,0.41,4,3.1,Low
Priya Gupta,0,1,0,0,0,0,0.9787234043,1,0.9893617022,1,0.8,0.8,0.61,2,2.8,Medium
Bhagat Raj,0,0,1,0,0,0,0.6170212766,0.84,0.7285106383,1,0.97,0.78,0.75,5,2.2,Medium
Tisca Chopra ,0,0,0,1,0,0,0.8723404255,1,0.9361702128,6,0.73,0.94,0.72,5,1.9,Low
Subramanian,0,0,0,0,1,0,0.1489361702,0.98,0.5644680851,1,0.69,0.77,0.46,5,3,Medium
G.Kempegowda ,0,0,0,0,0,1,1,1,1,5,0.98,0.8,0.72,4,2.8,Medium
Vetrivel,1,0,0,0,0,0,0.7446808511,0.26,0.5023404256,6,0.77,0.85,0.88,2,2.7,Low
Rajesh Sharma ,0,1,0,0,0,0,1,0.9,0.95,2,0.75,0.75,0.4,7,1.8,Medium
Anil Chaudhary,0,0,1,0,0,0,1,0.76,0.88,4,0.91,0.83,0.39,3,2.1,Medium
Debolina Roy,0,0,0,1,0,0,0.6170212766,0.94,0.7785106383,3,0.65,0.96,0.14,5,2.2,Medium
Srushti Kulkarni,0,0,0,0,1,0,1,1,1,6,0.71,0.92,0.52,7,2.7,Low
Priya Gupta,0,0,0,0,0,1,1,1,1,5,0.72,0.81,0.08,0,2.4,High
Bhagat Raj,1,0,0,0,0,0,0.9574468085,1,0.9787234043,3,0.85,0.86,0.76,5,1.6,Low
Tisca Chopra ,0,1,0,0,0,0,0.9574468085,0.94,0.9487234043,4,0.68,0.87,0.22,5,3,Medium
Subramanian,0,0,1,0,0,0,1,0.8,0.9,3,0.88,0.85,0.01,8,3.2,Medium
G.Kempegowda ,0,0,0,1,0,0,0.6170212766,0.62,0.6185106383,1,0.9,0.75,0.01,1,3.2,High
Vetrivel,0,0,0,0,1,0,0.6808510638,0.9,0.7904255319,3,0.8,0.83,0.12,4,3.6,Medium
Rajesh Sharma ,0,0,0,0,0,1,0.8085106383,0.84,0.8242553192,2,0.99,0.75,0.54,5,2.1,Low
Anil Chaudhary,1,0,0,0,0,0,0.7234042553,0.82,0.7717021277,6,0.79,0.74,0.21,4,3.1,Low
Debolina Roy,0,1,0,0,0,0,1,1,1,4,0.73,0.81,0.57,0,3.6,Medium
Srushti Kulkarni,0,0,1,0,0,0,0.8723404255,0.9,0.8861702128,5,0.61,0.79,0.85,1,2,Medium
Priya Gupta,0,0,0,1,0,0,0.4893617021,0.76,0.6246808511,1,0.94,0.88,0.1,4,2.9,Medium
Bhagat Raj,0,0,0,0,1,0,0.9574468085,1,0.9787234043,2,0.61,0.97,0.68,1,1.8,Medium
Tisca Chopra ,0,0,0,0,0,1,0.8723404255,1,0.9361702128,2,0.67,0.82,0.63,1,2.7,Medium
Subramanian,1,0,0,0,0,0,0.6808510638,0.94,0.8104255319,1,0.97,0.72,0.05,2,3.4,Low
G.Kempegowda ,0,1,0,0,0,0,0.6382978723,0.96,0.7991489362,4,0.94,0.85,0.1,1,1.8,Low
Vetrivel,0,0,1,0,0,0,1,0.94,0.97,6,0.93,0.77,0.09,4,3.4,Low
Rajesh Sharma ,0,0,0,1,0,0,0.5106382979,1,0.755319149,5,0.83,0.94,0.75,1,2.1,Low
Anil Chaudhary,0,0,0,0,1,0,1,0.6,0.8,2,0.71,0.89,0.89,0,3.1,Medium
Debolina Roy,0,0,0,0,0,1,1,1,1,1,0.81,0.97,0.01,3,3,Low
Srushti Kulkarni,1,0,0,0,0,0,0.6170212766,0.4,0.5085106383,1,0.67,0.93,0.48,0,3.8,Medium
Priya Gupta,0,1,0,0,0,0,0.1914893617,0.76,0.4757446809,1,0.74,0.98,0.96,2,3.1,Medium
Bhagat Raj,0,0,1,0,0,0,0.7872340426,0.64,0.7136170213,5,0.72,0.78,0.42,1,4.8,Medium
Tisca Chopra ,0,0,0,1,0,0,0.8936170213,0.96,0.9268085107,5,0.79,0.94,0,2,2.1,Low
Subramanian,0,0,0,0,1,0,0.5744680851,0.76,0.6672340426,4,0.81,0.8,0.12,4,2.7,Medium
G.Kempegowda ,0,0,0,0,0,1,0.6808510638,0.42,0.5504255319,3,0.72,0.87,0.7,3,4.1,Low
Vetrivel,1,0,0,0,0,0,1,0.94,0.97,3,0.98,0.85,0.02,5,2.2,Medium
Rajesh Sharma ,0,1,0,0,0,0,1,0.92,0.96,3,0.75,0.88,0.02,4,3.2,Medium
Anil Chaudhary,0,0,1,0,0,0,0.4468085106,0.78,0.6134042553,4,0.64,0.83,0.1,1,3.5,Medium
Debolina Roy,0,0,0,1,0,0,0.7021276596,0.96,0.8310638298,1,0.95,0.98,0.26,4,3.9,Medium
Srushti Kulkarni,0,0,0,0,1,0,0.9574468085,1,0.9787234043,1,0.72,0.98,0.67,0,3,Medium
Priya Gupta,0,0,0,0,0,1,1,0.8,0.9,6,0.73,0.95,0.9,3,4.1,Medium
Bhagat Raj,1,0,0,0,0,0,0.9787234043,0.7,0.8393617022,3,0.88,0.86,0.15,3,3.1,Low
Tisca Chopra ,0,1,0,0,0,0,0.7872340426,0.76,0.7736170213,1,0.65,0.86,0.24,2,2.4,Medium
Subramanian,0,0,1,0,0,0,0.9574468085,0.98,0.9687234043,1,0.93,0.93,0,5,1.8,Medium
G.Kempegowda ,0,0,0,1,0,0,1,1,1,1,0.76,0.8,0.5,0,1.9,Medium
Vetrivel,0,0,0,0,1,0,0.9574468085,0.58,0.7687234043,4,0.65,0.82,0,5,3,Low
Rajesh Sharma ,0,0,0,0,0,1,0.7446808511,0.94,0.8423404256,1,0.9,0.88,0.72,3,2.1,Medium
Anil Chaudhary,1,0,0,0,0,0,0.914893617,0.46,0.6874468085,3,0.86,0.82,0.78,1,2.3,Medium
Debolina Roy,0,1,0,0,0,0,0.6595744681,0.46,0.5597872341,3,1,0.72,0.09,4,3.1,Medium
Srushti Kulkarni,0,0,1,0,0,0,0.8936170213,0.44,0.6668085107,3,0.99,0.95,0,3,3.1,Low
Priya Gupta,0,0,0,1,0,0,0.6382978723,0.46,0.5491489362,3,0.68,0.79,0.13,1,3.1,Low
Bhagat Raj,0,0,0,0,1,0,0.6595744681,0.32,0.4897872341,2,0.68,0.75,0.56,5,3.7,Low
Tisca Chopra ,0,0,0,0,0,1,0.9787234043,0.98,0.9793617022,2,0.88,0.83,0.38,1,2.2,Low
Subramanian,1,0,0,0,0,0,0.4893617021,0.52,0.5046808511,6,0.86,0.81,0.34,0,3.1,High
G.Kempegowda ,0,1,0,0,0,0,0.6170212766,0.94,0.7785106383,2,0.85,0.81,0.98,2,3.4,Low
Vetrivel,0,0,1,0,0,0,0.8723404255,0.9,0.8861702128,3,0.78,0.81,0.99,2,1.7,High
Rajesh Sharma ,0,0,0,1,0,0,0.5744680851,0.62,0.5972340426,4,0.93,0.94,0,2,3.5,Medium
Anil Chaudhary,0,0,0,0,1,0,1,1,1,2,0.94,0.96,0.74,2,2.9,Low
Debolina Roy,0,0,0,0,0,1,0.8723404255,0.92,0.8961702128,5,0.63,0.87,0.38,0,3.2,Low
Srushti Kulkarni,1,0,0,0,0,0,0.9574468085,0.44,0.6987234043,2,0.75,0.85,0.24,1,3.5,Medium
Priya Gupta,0,1,0,0,0,0,0.7021276596,1,0.8510638298,3,0.62,0.93,0.33,5,3.7,Medium
Bhagat Raj,0,0,1,0,0,0,1,0.56,0.78,4,0.82,0.95,0.11,1,3.8,Low
Tisca Chopra ,0,0,0,1,0,0,0.2765957447,0.44,0.3582978724,2,0.69,0.91,0.01,5,3.4,Low
Subramanian,0,0,0,0,1,0,0.8723404255,0.7,0.7861702128,3,0.89,0.91,0.14,2,3.8,Medium
G.Kempegowda ,0,0,0,0,0,1,1,0.7,0.85,4,0.83,0.74,0.33,1,2.8,Low
Vetrivel,1,0,0,0,0,0,0.4255319149,0.5,0.4627659575,6,0.7,0.74,0.01,2,3.1,Low
Rajesh Sharma ,0,1,0,0,0,0,0.5319148936,0.5,0.5159574468,6,0.7,0.86,0.55,3,2.6,Medium
Anil Chaudhary,0,0,1,0,0,0,1,0.94,0.97,1,0.64,0.99,0.22,5,3.7,Low
Debolina Roy,0,0,0,1,0,0,0.1914893617,0.46,0.3257446809,1,0.82,0.78,0.46,3,3,Low
Srushti Kulkarni,0,0,0,0,1,0,1,0.76,0.88,1,0.65,0.9,0,1,3.1,Medium
Priya Gupta,0,0,0,0,0,1,0.2553191489,0.96,0.6076595745,1,0.72,0.99,0,0,4.1,Low
Bhagat Raj,1,0,0,0,0,0,0.8936170213,1,0.9468085107,4,0.66,0.77,0.33,5,3.9,Low
Tisca Chopra ,0,1,0,0,0,0,1,1,1,2,0.8,0.91,0.06,3,3.1,Medium
Subramanian,0,0,1,0,0,0,0.3191489362,0.68,0.4995744681,1,0.84,0.83,0.1,2,3.7,Medium
G.Kempegowda ,0,0,0,1,0,0,0.5957446809,1,0.7978723405,1,0.78,0.96,0.08,0,3.8,Low
Vetrivel,0,0,0,0,1,0,0.9574468085,0.66,0.8087234043,1,0.82,0.72,0.3,0,3.1,Medium
Rajesh Sharma ,0,0,0,0,0,1,1,1,1,3,0.94,0.93,0.9,3,3.1,Low
Anil Chaudhary,1,0,0,0,0,0,0.4680851064,0.8,0.6340425532,6,0.71,0.72,0.48,5,2.3,Low
Debolina Roy,0,1,0,0,0,0,0.4468085106,0.52,0.4834042553,6,0.73,0.84,0.08,5,2.6,Medium
Srushti Kulkarni,0,0,1,0,0,0,1,0.9,0.95,4,0.83,0.91,0.29,0,2.5,Medium
Priya Gupta,0,0,0,1,0,0,1,0.96,0.98,3,0.95,0.86,0.18,2,2.5,Medium
Bhagat Raj,0,0,0,0,1,0,0.8510638298,0.92,0.8855319149,5,0.87,0.86,0.61,2,1.8,Medium
Tisca Chopra ,0,0,0,0,0,1,0.6595744681,0.7,0.6797872341,2,0.75,0.88,0,1,3.7,Low
Subramanian,1,0,0,0,0,0,1,1,1,2,0.75,0.95,0.97,1,4,Low
G.Kempegowda ,0,1,0,0,0,0,1,0.98,0.99,2,0.66,0.75,0.66,4,2.3,Medium
Vetrivel,0,0,1,0,0,0,1,0.88,0.94,1,0.86,0.78,0.01,1,3.5,Medium
Rajesh Sharma ,0,0,0,1,0,0,0.5531914894,0.64,0.5965957447,1,0.9,0.78,0.05,3,2.6,Low
Anil Chaudhary,0,0,0,0,1,0,0.914893617,0.84,0.8774468085,2,0.96,0.91,0,1,2.3,Medium
Debolina Roy,0,0,0,0,0,1,0.5744680851,0.74,0.6572340426,6,0.65,0.71,0.02,4,2.1,Medium
Srushti Kulkarni,1,0,0,0,0,0,0.8085106383,0.48,0.6442553192,5,0.77,0.89,0.03,5,3.9,Low
Priya Gupta,0,1,0,0,0,0,0.9787234043,1,0.9893617022,2,0.72,0.77,0.29,6,3.2,Low
Bhagat Raj,0,0,1,0,0,0,0.8723404255,0.28,0.5761702128,6,0.92,0.98,0.52,4,1.5,Low
Tisca Chopra ,0,0,0,1,0,0,0.7872340426,0.84,0.8136170213,3,0.65,0.86,0.91,4,2.9,Low
Subramanian,0,0,0,0,1,0,0.9574468085,0.7,0.8287234043,1,0.77,0.95,0,8,3.9,Medium
G.Kempegowda ,0,0,0,0,0,1,0.8510638298,0.88,0.8655319149,6,0.72,0.76,0.51,0,3.2,Medium
Vetrivel,1,0,0,0,0,0,1,0.88,0.94,4,0.89,0.97,0.6,0,2.2,Medium
Rajesh Sharma ,0,1,0,0,0,0,1,0.7,0.85,1,1,0.72,0.35,3,3.2,Medium
Anil Chaudhary,0,0,1,0,0,0,0.6382978723,0.92,0.7791489362,1,0.83,0.87,0.48,0,3.4,Medium
Debolina Roy,0,0,0,1,0,0,0.9574468085,0.84,0.8987234043,4,0.99,0.79,0.29,4,2.3,Medium
Srushti Kulkarni,0,0,0,0,1,0,0.6808510638,1,0.8404255319,3,0.89,0.85,0.39,5,1.9,Medium
Priya Gupta,0,0,0,0,0,1,0.2340425532,0.72,0.4770212766,1,0.83,0.93,0.94,1,3.4,Low
Bhagat Raj,1,0,0,0,0,0,0.8085106383,0.88,0.8442553192,4,0.68,0.76,0.01,3,2,High
Tisca Chopra ,0,1,0,0,0,0,1,0.58,0.79,1,0.9,0.9,0.77,1,2.7,Low
Subramanian,0,0,1,0,0,0,0.4468085106,0.76,0.6034042553,6,0.83,0.95,0.91,5,3.8,Medium
G.Kempegowda ,0,0,0,1,0,0,0.6170212766,0.54,0.5785106383,3,0.71,0.75,0.57,1,2.9,Medium
Vetrivel,0,0,0,0,1,0,1,0.64,0.82,5,0.81,0.92,0.04,0,3.4,Low
Rajesh Sharma ,0,0,0,0,0,1,0.914893617,0.92,0.9174468085,1,0.75,0.9,0.01,2,3.1,Medium
Anil Chaudhary,1,0,0,0,0,0,0.7659574468,0.66,0.7129787234,5,0.79,0.87,0.75,5,2.9,Medium
Debolina Roy,0,1,0,0,0,0,0.6170212766,0.98,0.7985106383,1,0.72,0.75,0.43,1,3.8,Medium
Srushti Kulkarni,0,0,1,0,0,0,1,0.72,0.86,2,0.71,0.71,0.08,1,2.2,Low
Priya Gupta,0,0,0,1,0,0,0.5744680851,1,0.7872340426,3,0.75,0.7,0.11,4,1.9,Low
Bhagat Raj,0,0,0,0,1,0,0.2978723404,0.54,0.4189361702,3,0.77,0.86,0.19,4,3,Medium
Tisca Chopra ,0,0,0,0,0,1,0.9787234043,0.74,0.8593617022,5,0.71,0.85,0.01,5,3,Low
Subramanian,1,0,0,0,0,0,0.914893617,0.86,0.8874468085,1,0.9,0.98,0.13,5,3.4,Low
G.Kempegowda ,0,1,0,0,0,0,0.8085106383,0.64,0.7242553192,2,0.86,0.78,0.29,5,4.3,Low
Vetrivel,0,0,1,0,0,0,0.7021276596,0.78,0.7410638298,5,0.76,0.76,0.05,5,1.7,High
Rajesh Sharma ,0,0,0,1,0,0,1,0.64,0.82,5,0.72,1,0.96,5,2.5,Low
Anil Chaudhary,0,0,0,0,1,0,1,1,1,5,0.63,0.83,0,5,4.5,Low
Debolina Roy,0,0,0,0,0,1,1,1,1,1,0.92,0.7,0.94,2,2.4,Medium
Srushti Kulkarni,1,0,0,0,0,0,0.8936170213,0.8,0.8468085107,3,0.73,0.78,0.45,1,3.9,Medium
Priya Gupta,0,1,0,0,0,0,1,0.94,0.97,3,0.9,0.9,0.3,3,3.2,Medium
Bhagat Raj,0,0,1,0,0,0,0.9787234043,1,0.9893617022,5,0.66,0.75,0.07,2,3.3,Medium
Tisca Chopra ,0,0,0,1,0,0,1,0.78,0.89,1,0.61,0.88,0.53,1,4,Low
Subramanian,0,0,0,0,1,0,0.5106382979,0.6,0.555319149,2,0.95,0.7,0,4,2.2,Low
G.Kempegowda ,0,0,0,0,0,1,0.9787234043,0.8,0.8893617022,2,0.89,0.82,0.91,0,3.4,Medium
Vetrivel,1,0,0,0,0,0,0.7872340426,0.66,0.7236170213,3,0.88,0.73,0.55,4,3.8,Medium
Rajesh Sharma ,0,1,0,0,0,0,0.8723404255,1,0.9361702128,2,0.84,0.93,0.16,3,2.6,Low
Anil Chaudhary,0,0,1,0,0,0,0.7446808511,0.76,0.7523404256,1,0.61,0.87,0.46,4,3.2,Medium
Debolina Roy,0,0,0,1,0,0,0.6595744681,1,0.8297872341,2,0.76,0.78,0.07,5,4.3,Medium
Srushti Kulkarni,0,0,0,0,1,0,1,0.94,0.97,1,0.84,0.82,0.01,0,2.2,Low
Priya Gupta,0,0,0,0,0,1,1,0.62,0.81,5,0.8,0.93,0.12,4,3.1,Medium
Bhagat Raj,1,0,0,0,0,0,1,0.6,0.8,5,0.99,0.95,0.94,6,3.9,Low
Tisca Chopra ,0,1,0,0,0,0,0.2127659574,0.62,0.4163829787,2,0.99,0.97,0,5,3.3,Medium
Subramanian,0,0,1,0,0,0,0.829787234,0.74,0.784893617,3,0.81,0.99,0.52,1,3.4,Medium
G.Kempegowda ,0,0,0,1,0,0,0.4893617021,0.96,0.7246808511,3,0.91,0.8,0.83,7,2,Low
Vetrivel,0,0,0,0,1,0,0.6170212766,0.94,0.7785106383,2,0.9,0.94,0.11,3,4.7,Medium
Rajesh Sharma ,0,0,0,0,0,1,0.6382978723,0.96,0.7991489362,1,0.85,0.73,0.28,4,4.2,Low
Anil Chaudhary,1,0,0,0,0,0,0.8936170213,0.52,0.7068085107,2,0.94,0.78,0.16,5,3.1,Medium
Debolina Roy,0,1,0,0,0,0,1,0.88,0.94,4,0.94,0.95,0.39,4,2.5,High
Srushti Kulkarni,0,0,1,0,0,0,1,0.76,0.88,3,0.6,0.96,0.07,3,3.2,Low
Priya Gupta,0,0,0,1,0,0,1,0.98,0.99,5,0.95,0.74,0.44,3,2.3,Low
Bhagat Raj,0,0,0,0,1,0,1,0.86,0.93,1,0.93,0.98,0.18,5,2,Medium
Tisca Chopra ,0,0,0,0,0,1,0.5319148936,0.36,0.4459574468,1,0.66,0.82,0.34,0,2.9,Medium
Subramanian,1,0,0,0,0,0,1,1,1,2,0.65,0.91,0.17,2,2.1,Low
G.Kempegowda ,0,1,0,0,0,0,1,0.94,0.97,5,0.8,0.98,0.02,2,2.2,Medium
Vetrivel,0,0,1,0,0,0,0.6595744681,0.76,0.7097872341,1,0.84,0.79,0.3,0,2.9,Medium
Rajesh Sharma ,0,0,0,1,0,0,0.8936170213,0.9,0.8968085107,2,0.63,0.7,0.27,0,2.3,Medium
Anil Chaudhary,0,0,0,0,1,0,0.6595744681,0.64,0.6497872341,5,0.99,0.84,0.24,2,2.9,Medium
Debolina Roy,0,0,0,0,0,1,1,1,1,3,0.83,0.79,0.2,2,2.4,Low
Srushti Kulkarni,1,0,0,0,0,0,0.5957446809,0.7,0.6478723405,2,0.79,0.88,0.07,2,2.8,Medium
Priya Gupta,0,1,0,0,0,0,0.6808510638,0.98,0.8304255319,1,0.78,0.89,0.76,3,2.3,Low
Bhagat Raj,0,0,1,0,0,0,1,1,1,5,0.65,0.99,0.01,2,3.6,Medium
Tisca Chopra ,0,0,0,1,0,0,1,1,1,3,0.71,0.86,0.95,5,2.4,Medium
Subramanian,0,0,0,0,1,0,0.9787234043,0.54,0.7593617022,1,0.7,0.91,0,1,2.1,Medium
G.Kempegowda ,0,0,0,0,0,1,1,1,1,3,0.76,0.98,0.64,5,2.4,Low
Vetrivel,1,0,0,0,0,0,0.4255319149,0.5,0.4627659575,3,0.7,0.8,0.08,3,3.7,Low
Rajesh Sharma ,0,1,0,0,0,0,1,1,1,4,0.66,0.93,0.19,1,2.2,Medium
Anil Chaudhary,0,0,1,0,0,0,0.4255319149,0.8,0.6127659575,4,0.69,0.85,0.04,4,2.8,Low
Debolina Roy,0,0,0,1,0,0,0.829787234,0.7,0.764893617,4,0.67,0.88,0.55,4,4.5,Low
Srushti Kulkarni,0,0,0,0,1,0,0.7659574468,0.74,0.7529787234,3,0.64,0.97,0,2,2.5,Low
Priya Gupta,0,0,0,0,0,1,0.8936170213,0.42,0.6568085107,5,0.76,0.85,0.43,1,1.9,High
Bhagat Raj,1,0,0,0,0,0,0.8510638298,1,0.9255319149,3,0.87,0.74,0.6,3,4.2,Medium
Tisca Chopra ,0,1,0,0,0,0,0.7872340426,0.58,0.6836170213,1,0.67,0.97,0.02,0,3.7,Low
Subramanian,0,0,1,0,0,0,1,0.84,0.92,3,0.62,0.72,0.77,5,2.4,Medium
G.Kempegowda ,0,0,0,1,0,0,1,0.8,0.9,4,0.86,0.89,0.78,1,2.9,Medium
Vetrivel,0,0,0,0,1,0,0.6808510638,1,0.8404255319,5,0.75,0.89,0.03,3,1.8,Medium
Rajesh Sharma ,0,0,0,0,0,1,0.6170212766,0.08,0.3485106383,2,0.85,0.94,0.06,4,1.9,Low
Anil Chaudhary,1,0,0,0,0,0,0.8510638298,0.56,0.7055319149,1,0.65,0.84,0.11,2,4.7,Medium
Debolina Roy,0,1,0,0,0,0,1,0.78,0.89,3,0.72,0.94,0.15,7,3.6,Low
Srushti Kulkarni,0,0,1,0,0,0,0.7446808511,0.88,0.8123404256,5,0.6,0.74,0.67,3,2.4,Low
Priya Gupta,0,0,0,1,0,0,0.9787234043,1,0.9893617022,5,0.91,0.93,0.16,2,1.8,Low
Bhagat Raj,0,0,0,0,1,0,0.4680851064,0.66,0.5640425532,1,0.95,1,0.79,0,2.5,Medium
Tisca Chopra ,0,0,0,0,0,1,0.9361702128,1,0.9680851064,4,0.65,0.81,0.67,4,1.9,Medium
Subramanian,1,0,0,0,0,0,1,0.76,0.88,1,0.77,0.99,0.66,2,2.9,Medium
G.Kempegowda ,0,1,0,0,0,0,0.829787234,1,0.914893617,3,0.77,0.89,0.01,1,3.8,Medium
Vetrivel,0,0,1,0,0,0,0.3829787234,0.42,0.4014893617,3,0.62,0.97,0.2,1,2.4,Medium
Rajesh Sharma ,0,0,0,1,0,0,1,0.78,0.89,2,0.64,1,0.18,8,3.2,Low
Anil Chaudhary,0,0,0,0,1,0,0.5957446809,1,0.7978723405,3,0.84,0.87,0.62,1,2.3,Low
Debolina Roy,0,0,0,0,0,1,0.8510638298,1,0.9255319149,3,0.66,0.75,0.26,7,2.3,Medium
Srushti Kulkarni,1,0,0,0,0,0,1,0.58,0.79,1,0.88,0.91,0.95,1,2.8,Low
Priya Gupta,0,1,0,0,0,0,0.6382978723,0.64,0.6391489362,3,0.96,0.89,0.26,4,2.8,Low
Bhagat Raj,0,0,1,0,0,0,0.829787234,0.92,0.874893617,1,0.77,0.87,0.08,2,2.6,Low
Tisca Chopra ,0,0,0,1,0,0,1,1,1,5,0.71,0.83,0.47,5,4.8,Low
Subramanian,0,0,0,0,1,0,0.8936170213,0.62,0.7568085107,1,0.75,0.98,0.29,0,3.4,Low
G.Kempegowda ,0,0,0,0,0,1,0.8723404255,0.2,0.5361702128,2,0.73,0.73,0.93,2,2.9,Medium
Vetrivel,1,0,0,0,0,0,0.8723404255,0.98,0.9261702128,1,0.63,0.95,0.07,0,2.2,Low
Rajesh Sharma ,0,1,0,0,0,0,1,0.66,0.83,6,0.69,0.74,0.67,7,3.8,Medium
Anil Chaudhary,0,0,1,0,0,0,0.8510638298,0.42,0.6355319149,6,0.78,0.77,0.07,3,3.4,Low
Debolina Roy,0,0,0,1,0,0,0.6808510638,0,0.3404255319,1,0.69,0.77,0.04,2,3,Medium
Srushti Kulkarni,0,0,0,0,1,0,0.8936170213,1,0.9468085107,4,0.98,0.96,0.92,6,2.5,Low
Priya Gupta,0,0,0,0,0,1,0.7446808511,0.78,0.7623404256,6,0.68,0.92,0.09,1,3.2,Medium
Bhagat Raj,1,0,0,0,0,0,0.6382978723,0.76,0.6991489362,2,0.71,0.98,0.35,3,2.5,Medium
Tisca Chopra ,0,1,0,0,0,0,0.8936170213,1,0.9468085107,2,0.68,0.74,0.01,2,3.4,Low
Subramanian,0,0,1,0,0,0,0.7021276596,0.94,0.8210638298,1,0.79,0.85,0.34,0,4.2,High
G.Kempegowda ,0,0,0,1,0,0,0.7446808511,1,0.8723404256,1,0.99,1,0.54,0,2.6,Low
Vetrivel,0,0,0,0,1,0,0.6595744681,0.3,0.4797872341,1,0.81,0.73,0.36,4,2.5,High
Rajesh Sharma ,0,0,0,0,0,1,0.6808510638,0.6,0.6404255319,1,0.62,0.74,0.35,1,3.7,Medium
Anil Chaudhary,1,0,0,0,0,0,1,0.5,0.75,3,0.88,0.88,0.06,4,2.7,Medium
Debolina Roy,0,1,0,0,0,0,0.4893617021,0.52,0.5046808511,6,0.77,0.96,0.01,1,2.5,Low
Srushti Kulkarni,0,0,1,0,0,0,0.8936170213,0.72,0.8068085107,2,0.92,0.74,0.82,4,2,Medium
Priya Gupta,0,0,0,1,0,0,1,1,1,1,0.86,0.88,0.07,6,2.2,Medium
Bhagat Raj,0,0,0,0,1,0,0.8510638298,0.74,0.7955319149,6,0.65,0.83,0.02,4,3.3,Medium
Tisca Chopra ,0,0,0,0,0,1,0.7234042553,0.98,0.8517021277,3,0.8,0.89,0.97,5,4,High
Subramanian,1,0,0,0,0,0,0.5957446809,0.7,0.6478723405,1,0.98,0.79,0.04,3,2.1,Medium
G.Kempegowda ,0,1,0,0,0,0,0.8936170213,1,0.9468085107,2,0.69,0.94,0.78,7,1.8,Medium
Vetrivel,0,0,1,0,0,0,0.8085106383,0.7,0.7542553192,6,0.84,0.82,0.01,5,1.5,Low
Rajesh Sharma ,0,0,0,1,0,0,0.2978723404,0.52,0.4089361702,2,0.61,0.9,0.26,4,2.5,Medium
Anil Chaudhary,0,0,0,0,1,0,1,1,1,3,0.68,1,0.19,2,3.1,Medium
Debolina Roy,0,0,0,0,0,1,1,0.6,0.8,6,0.87,0.96,0.12,0,2.6,Medium
Srushti Kulkarni,1,0,0,0,0,0,0.7021276596,1,0.8510638298,2,0.7,0.94,0.84,4,3.2,High
Priya Gupta,0,1,0,0,0,0,0.829787234,0.86,0.844893617,2,0.68,0.7,0.77,3,3,Medium
Bhagat Raj,0,0,1,0,0,0,0.8510638298,0.48,0.6655319149,1,0.77,0.83,0,6,2.7,Medium
Tisca Chopra ,0,0,0,1,0,0,0.3617021277,0.52,0.4408510639,5,0.96,0.95,0.15,3,2.6,Medium
Subramanian,0,0,0,0,1,0,0.829787234,1,0.914893617,2,0.82,0.75,0.45,7,2.8,Low
G.Kempegowda ,0,0,0,0,0,1,0.5106382979,0.86,0.685319149,5,0.99,0.77,0.1,7,2.4,Medium
Vetrivel,1,0,0,0,0,0,0.7446808511,0.86,0.8023404256,1,0.79,0.9,0.33,4,2.9,Medium
Rajesh Sharma ,0,1,0,0,0,0,0.8085106383,0.88,0.8442553192,4,0.88,0.77,0.2,0,2.3,Low
Anil Chaudhary,0,0,1,0,0,0,0.5957446809,0.84,0.7178723405,2,0.86,0.85,0.71,2,3.2,Medium
Debolina Roy,0,0,0,1,0,0,0.8936170213,0.88,0.8868085107,2,0.79,0.97,0.14,5,2.8,Medium
Srushti Kulkarni,0,0,0,0,1,0,1,1,1,4,0.95,0.94,0,5,2.1,Medium
Priya Gupta,0,0,0,0,0,1,0.8723404255,1,0.9361702128,1,0.87,0.9,0,5,1.6,Medium
Bhagat Raj,1,0,0,0,0,0,0.829787234,0.68,0.754893617,1,0.73,0.98,0.11,0,2.5,High
Tisca Chopra ,0,1,0,0,0,0,0.6595744681,0.58,0.6197872341,1,0.89,0.85,0.54,2,2.7,Medium
Subramanian,0,0,1,0,0,0,1,1,1,3,0.91,0.96,0.34,3,1.8,Medium
G.Kempegowda ,0,0,0,1,0,0,0.7659574468,0.88,0.8229787234,2,0.82,0.96,0.45,3,3.1,Low
Vetrivel,0,0,0,0,1,0,0.3404255319,0.88,0.610212766,4,0.67,0.96,0.13,2,3.7,Medium
Rajesh Sharma ,0,0,0,0,0,1,1,1,1,2,0.65,0.98,0.81,3,3.4,Medium
Anil Chaudhary,1,0,0,0,0,0,0.4893617021,0.74,0.6146808511,1,0.91,0.86,0.14,3,3.1,Low
Debolina Roy,0,1,0,0,0,0,1,1,1,2,0.87,1,0.02,5,4.4,Medium
Srushti Kulkarni,0,0,1,0,0,0,0.6595744681,0.66,0.6597872341,2,0.69,0.79,0.9,6,3.3,High
Priya Gupta,0,0,0,1,0,0,0.7446808511,0.94,0.8423404256,2,0.99,0.85,0.82,5,3.3,Low
Bhagat Raj,0,0,0,0,1,0,0.7021276596,0.96,0.8310638298,1,0.76,0.78,0.6,0,2.4,Medium
Tisca Chopra ,0,0,0,0,0,1,1,1,1,1,0.82,0.89,0.6,5,2.7,Medium
Subramanian,1,0,0,0,0,0,1,0.86,0.93,1,0.89,0.84,0.04,1,4.4,Low
G.Kempegowda ,0,1,0,0,0,0,0.6808510638,0.6,0.6404255319,2,0.73,0.91,0.02,5,2.9,Low
Vetrivel,0,0,1,0,0,0,1,0.78,0.89,3,0.67,0.71,0.42,3,3.5,Low
Rajesh Sharma ,0,0,0,1,0,0,0.5531914894,0.32,0.4365957447,3,0.83,0.98,0.47,2,2.1,Low
Anil Chaudhary,0,0,0,0,1,0,0.9574468085,0.98,0.9687234043,2,0.77,0.88,0.01,5,2.5,Low
Debolina Roy,0,0,0,0,0,1,0.6382978723,1,0.8191489362,4,0.74,0.71,0.02,4,1.6,Low
Srushti Kulkarni,1,0,0,0,0,0,1,1,1,6,0.77,0.93,0,1,2.4,Low
Priya Gupta,0,1,0,0,0,0,0.7021276596,0.8,0.7510638298,1,0.96,0.87,0.21,0,1.9,Medium
Bhagat Raj,0,0,1,0,0,0,1,1,1,5,0.81,0.96,0.02,0,3.1,Medium
Tisca Chopra ,0,0,0,1,0,0,0.914893617,0.84,0.8774468085,2,0.68,0.79,0.03,5,1.9,Low
Subramanian,0,0,0,0,1,0,0.3829787234,0.9,0.6414893617,2,0.97,0.85,0.13,0,4.1,Low
G.Kempegowda ,0,0,0,0,0,1,0.5319148936,0.54,0.5359574468,2,0.84,0.81,0.21,3,3.5,High
Vetrivel,1,0,0,0,0,0,0.6382978723,0.82,0.7291489362,1,0.81,0.96,0.63,2,3.6,Low
Rajesh Sharma ,0,1,0,0,0,0,1,0.9,0.95,3,0.71,0.95,0.06,0,3.5,Medium
Anil Chaudhary,0,0,1,0,0,0,0.8936170213,0.7,0.7968085107,5,0.6,0.76,0.25,5,1.6,Medium
Debolina Roy,0,0,0,1,0,0,0.9787234043,0.68,0.8293617022,1,0.69,0.75,0.25,1,2.5,Medium
Srushti Kulkarni,0,0,0,0,1,0,0.829787234,0.3,0.564893617,4,0.88,0.76,0.18,2,3.4,High
Priya Gupta,0,0,0,0,0,1,0.8723404255,0.6,0.7361702128,3,0.62,0.86,0,5,2.4,Medium
Bhagat Raj,1,0,0,0,0,0,0.9574468085,0.62,0.7887234043,4,0.98,0.87,0.88,6,2.5,Low
Tisca Chopra ,0,1,0,0,0,0,1,0.82,0.91,2,0.92,0.95,0.76,4,2.3,Medium
Subramanian,0,0,1,0,0,0,0.6382978723,0.72,0.6791489362,1,0.65,0.74,0.59,4,3.1,Low
G.Kempegowda ,0,0,0,1,0,0,1,1,1,4,0.71,0.72,0.07,1,2.9,Low
Vetrivel,0,0,0,0,1,0,0.829787234,0.7,0.764893617,2,0.71,0.99,0.89,0,2.5,Medium
Rajesh Sharma ,0,0,0,0,0,1,0.4893617021,0.44,0.4646808511,1,0.96,0.91,0.01,2,2.5,Low
Anil Chaudhary,1,0,0,0,0,0,1,0.9,0.95,1,0.98,0.7,0.03,4,1.9,Low
Debolina Roy,0,1,0,0,0,0,0.6808510638,0.58,0.6304255319,2,0.91,0.99,0.77,2,2.2,Low
Srushti Kulkarni,0,0,1,0,0,0,1,0.82,0.91,4,0.87,0.87,0.63,1,3.4,Low
Priya Gupta,0,0,0,1,0,0,1,0.9,0.95,1,0.92,0.94,0.75,4,2.7,Low
Bhagat Raj,0,0,0,0,1,0,1,0.8,0.9,1,0.88,0.96,0.09,0,3.1,Low
Tisca Chopra ,0,0,0,0,0,1,0.4680851064,0.8,0.6340425532,6,0.76,0.88,0,1,3.5,Low
Subramanian,1,0,0,0,0,0,0.170212766,0.72,0.445106383,4,0.65,0.92,0,4,3.7,Low
G.Kempegowda ,0,1,0,0,0,0,0.5106382979,0.82,0.665319149,2,0.89,1,0.03,0,3.5,Medium
Vetrivel,0,0,1,0,0,0,1,0.88,0.94,1,0.89,0.7,0.36,5,3.3,Medium
Rajesh Sharma ,0,0,0,1,0,0,1,0.74,0.87,1,0.79,0.74,0.11,5,2.3,Medium
Anil Chaudhary,0,0,0,0,1,0,0.4893617021,0.9,0.6946808511,1,0.62,0.96,0.37,1,2.1,High
Debolina Roy,0,0,0,0,0,1,1,1,1,2,0.83,0.83,0.28,4,2.2,Low
Srushti Kulkarni,1,0,0,0,0,0,1,1,1,6,0.8,0.98,0.05,3,2.5,Medium
Priya Gupta,0,1,0,0,0,0,0.7872340426,0.9,0.8436170213,3,0.74,0.85,0.46,3,3.9,Low
Bhagat Raj,0,0,1,0,0,0,1,1,1,4,0.65,0.91,0,8,2.2,Low
Tisca Chopra ,0,0,0,1,0,0,0.5531914894,0.94,0.7465957447,2,0.96,0.99,0.14,4,2,Low
Subramanian,0,0,0,0,1,0,0.5106382979,0.68,0.595319149,3,0.78,0.78,0.03,3,2.1,Medium
G.Kempegowda ,0,0,0,0,0,1,0.7446808511,0.66,0.7023404256,1,0.86,0.97,0.59,5,2.6,Medium
Vetrivel,1,0,0,0,0,0,0.8085106383,0.6,0.7042553192,3,0.9,0.8,0.33,3,2.4,Low
Rajesh Sharma ,0,1,0,0,0,0,0.7659574468,1,0.8829787234,2,0.71,0.74,0.47,5,3.4,High
Anil Chaudhary,0,0,1,0,0,0,0.914893617,1,0.9574468085,4,0.81,0.82,0.71,3,2.9,Low
Debolina Roy,0,0,0,1,0,0,1,0.58,0.79,1,0.93,0.98,0,2,1.9,Medium
Srushti Kulkarni,0,0,0,0,1,0,0.6808510638,0.88,0.7804255319,1,1,0.83,0.04,8,2,Medium
Priya Gupta,0,0,0,0,0,1,1,0.6,0.8,3,0.72,0.86,0.09,1,3.2,High
Bhagat Raj,1,0,0,0,0,0,1,0.4,0.7,2,0.9,0.81,0.01,0,2.5,Low
Tisca Chopra ,0,1,0,0,0,0,0.914893617,1,0.9574468085,1,0.89,0.87,0.67,5,3.8,High
Subramanian,0,0,1,0,0,0,0.4255319149,0.16,0.2927659575,1,0.82,0.72,0.18,2,1.9,Medium
G.Kempegowda ,0,0,0,1,0,0,0.6595744681,1,0.8297872341,5,0.71,1,0.29,1,3.1,Medium
Vetrivel,0,0,0,0,1,0,1,0.8,0.9,4,0.67,1,0.12,1,3.1,Low
Rajesh Sharma ,0,0,0,0,0,1,0.5957446809,0.62,0.6078723405,1,0.62,0.8,0.07,5,3.6,High
Anil Chaudhary,1,0,0,0,0,0,0.5957446809,0.62,0.6078723405,1,0.84,0.84,0.33,0,3.3,Low
Debolina Roy,0,1,0,0,0,0,0.4255319149,0.98,0.7027659575,1,0.94,0.78,0.56,2,1.9,Low
Srushti Kulkarni,0,0,1,0,0,0,1,0.68,0.84,1,0.87,0.77,0.36,5,2.1,Medium
Priya Gupta,0,0,0,1,0,0,1,0.6,0.8,1,0.7,0.84,0,2,4.9,Medium
Bhagat Raj,0,0,0,0,1,0,0.6382978723,0.6,0.6191489362,1,0.86,0.84,0.15,1,4.5,Low
Tisca Chopra ,0,0,0,0,0,1,0.914893617,0.7,0.8074468085,5,0.76,0.96,0,0,2.7,Medium
Subramanian,1,0,0,0,0,0,0.5319148936,0.66,0.5959574468,2,0.76,0.96,0.22,0,4.3,Medium
G.Kempegowda ,0,1,0,0,0,0,1,0.88,0.94,1,0.77,0.98,0.08,4,2.5,Medium
Vetrivel,0,0,1,0,0,0,0.7659574468,1,0.8829787234,1,0.93,0.84,0.02,5,2.3,Low
Rajesh Sharma ,0,0,0,1,0,0,0.8936170213,0.68,0.7868085107,2,0.66,0.94,0.14,0,4,Medium
Anil Chaudhary,0,0,0,0,1,0,0.7659574468,0.7,0.7329787234,2,0.93,0.98,0.48,2,2,Low
Debolina Roy,0,0,0,0,0,1,1,1,1,3,0.67,0.98,0.27,0,2.5,Low
Srushti Kulkarni,1,0,0,0,0,0,0.8936170213,1,0.9468085107,2,0.99,0.92,0.28,5,2.5,Medium
Priya Gupta,0,1,0,0,0,0,0.7234042553,1,0.8617021277,2,0.84,0.99,0.68,1,2.4,High
Bhagat Raj,0,0,1,0,0,0,1,0.84,0.92,5,0.94,0.82,0.06,0,3.5,Low
Tisca Chopra ,0,0,0,1,0,0,1,1,1,2,0.9,0.73,0.97,1,2.7,Medium
Subramanian,0,0,0,0,1,0,0.5744680851,0.54,0.5572340426,5,0.61,0.77,0.43,4,3.5,Low
G.Kempegowda ,0,0,0,0,0,1,1,0.8,0.9,5,0.86,0.77,0,5,3.4,Medium
Vetrivel,1,0,0,0,0,0,1,0.64,0.82,4,0.98,0.82,0.69,6,2.5,Low
Rajesh Sharma ,0,1,0,0,0,0,0.7234042553,1,0.8617021277,3,0.88,1,0.29,2,3.5,Low
Anil Chaudhary,0,0,1,0,0,0,0.4255319149,0.82,0.6227659575,3,0.71,0.82,0.77,2,3.3,Low
Debolina Roy,0,0,0,1,0,0,0.829787234,1,0.914893617,5,0.77,0.74,0.13,3,4.2,Medium
Srushti Kulkarni,0,0,0,0,1,0,0.8936170213,0.44,0.6668085107,5,0.93,0.92,0.01,2,3.5,Low
Priya Gupta,0,0,0,0,0,1,0.8936170213,1,0.9468085107,1,0.78,0.75,0.1,1,4.5,Medium
Bhagat Raj,1,0,0,0,0,0,0.8936170213,0.98,0.9368085107,2,0.67,1,0.01,5,3.3,Medium
Tisca Chopra ,0,1,0,0,0,0,0.6808510638,0.78,0.7304255319,1,0.77,0.99,0.13,5,2.3,Low
Subramanian,0,0,1,0,0,0,0.5957446809,0.74,0.6678723405,6,0.83,0.77,0.26,1,2.4,Medium
G.Kempegowda ,0,0,0,1,0,0,1,0.94,0.97,3,0.83,0.99,0.15,3,3.4,Low
Vetrivel,0,0,0,0,1,0,1,1,1,3,0.85,0.97,0.26,4,2.7,Low
Rajesh Sharma ,0,0,0,0,0,1,1,0.54,0.77,1,0.78,0.98,0.09,1,1.9,Low
Anil Chaudhary,1,0,0,0,0,0,0.6382978723,0.76,0.6991489362,1,0.91,0.87,0.46,0,3.5,Medium
Debolina Roy,0,1,0,0,0,0,0.8510638298,0.98,0.9155319149,1,0.63,0.97,0.08,3,2.6,High
Srushti Kulkarni,0,0,1,0,0,0,1,0.9,0.95,6,0.84,0.72,0.89,6,3.6,Medium
Priya Gupta,0,0,0,1,0,0,0.9574468085,1,0.9787234043,3,0.93,0.78,0.85,1,2.8,Low
Bhagat Raj,0,0,0,0,1,0,0.829787234,1,0.914893617,1,0.93,0.88,0.11,0,1.7,Low
Tisca Chopra ,0,0,0,0,0,1,0.9574468085,0.66,0.8087234043,6,0.7,0.73,0.76,5,3.9,Low
Subramanian,1,0,0,0,0,0,0.9787234043,0.86,0.9193617022,2,0.97,0.99,0.28,4,2.1,Low
G.Kempegowda ,0,1,0,0,0,0,1,0.54,0.77,2,0.76,0.8,0.57,3,1.6,Medium
Vetrivel,0,0,1,0,0,0,0.9361702128,0.86,0.8980851064,6,0.92,0.83,0.03,2,3,Medium
Rajesh Sharma ,0,0,0,1,0,0,0.7234042553,0.68,0.7017021277,4,0.84,0.77,0,4,3.2,Medium
Anil Chaudhary,0,0,0,0,1,0,1,0.84,0.92,2,0.91,0.78,0.7,4,4.1,Medium
Debolina Roy,0,0,0,0,0,1,0.6382978723,0.5,0.5691489362,1,0.92,0.71,0.16,5,2.3,Low
Srushti Kulkarni,1,0,0,0,0,0,0.8510638298,0.96,0.9055319149,4,1,1,0.47,7,2.7,Medium
Priya Gupta,0,1,0,0,0,0,0.9361702128,0.82,0.8780851064,2,0.62,0.72,0.02,2,3.6,Medium
Bhagat Raj,0,0,1,0,0,0,0.829787234,0.7,0.764893617,3,0.7,1,0.14,0,3.5,Medium
Tisca Chopra ,0,0,0,1,0,0,0.9361702128,0.82,0.8780851064,2,0.7,0.76,0.98,7,2.5,Medium
Subramanian,0,0,0,0,1,0,1,0.78,0.89,2,0.72,0.71,0.01,0,3.8,Medium
G.Kempegowda ,0,0,0,0,0,1,0.8723404255,1,0.9361702128,1,0.73,0.78,0,4,3.1,Medium
Vetrivel,1,0,0,0,0,0,1,0.72,0.86,2,0.68,0.71,0.06,5,2.5,Low
Rajesh Sharma ,0,1,0,0,0,0,0.5531914894,0.8,0.6765957447,5,1,0.87,0,6,2.1,Medium
Anil Chaudhary,0,0,1,0,0,0,0.4680851064,0.58,0.5240425532,2,0.98,0.96,0.47,0,2.7,Low
Debolina Roy,0,0,0,1,0,0,0.8085106383,1,0.9042553192,1,0.9,0.75,0,6,2.8,Low
Srushti Kulkarni,0,0,0,0,1,0,0.4468085106,0.72,0.5834042553,2,0.66,0.91,0,8,2.4,High
Priya Gupta,0,0,0,0,0,1,0.914893617,0.9,0.9074468085,2,0.68,0.97,0,2,4.4,Low
Bhagat Raj,1,0,0,0,0,0,1,1,1,4,0.87,0.73,0.13,0,2.1,Medium
Tisca Chopra ,0,1,0,0,0,0,0.7872340426,0.86,0.8236170213,3,0.85,0.78,0.47,5,2.8,Medium
Subramanian,0,0,1,0,0,0,0.8723404255,0.74,0.8061702128,1,0.86,0.73,0.28,4,2.7,High
G.Kempegowda ,0,0,0,1,0,0,0,0.64,0.32,1,0.65,0.9,0.01,0,2.8,Low
Vetrivel,0,0,0,0,1,0,0.5319148936,0.66,0.5959574468,5,0.89,0.91,0,1,2.1,Medium
Rajesh Sharma ,0,0,0,0,0,1,0.6595744681,0.74,0.6997872341,1,0.69,0.8,0.71,4,4,Medium
Anil Chaudhary,1,0,0,0,0,0,0.829787234,0.8,0.814893617,3,0.69,1,0.08,0,2.5,Medium
Debolina Roy,0,1,0,0,0,0,1,0.94,0.97,2,0.87,0.74,0.99,3,1.7,Medium
Srushti Kulkarni,0,0,1,0,0,0,1,1,1,6,0.99,0.74,0.76,5,3.6,Medium
Priya Gupta,0,0,0,1,0,0,0.8723404255,0.94,0.9061702128,3,0.95,0.91,0.01,7,1.9,Low
Bhagat Raj,0,0,0,0,1,0,1,0.86,0.93,1,0.78,0.74,0.76,6,2.1,Low
Tisca Chopra ,0,0,0,0,0,1,1,1,1,3,0.99,0.75,0.22,4,2.5,Medium
Subramanian,1,0,0,0,0,0,1,0.78,0.89,2,0.93,0.83,0,4,2.3,Medium
G.Kempegowda ,0,1,0,0,0,0,0.7872340426,0.98,0.8836170213,1,0.8,0.79,0.01,4,1.7,Low
Vetrivel,0,0,1,0,0,0,0.8510638298,0.86,0.8555319149,1,0.97,0.75,0.24,3,2.5,Medium
Rajesh Sharma ,0,0,0,1,0,0,1,0.8,0.9,2,0.62,0.79,0.73,3,3.8,Medium
Anil Chaudhary,0,0,0,0,1,0,1,1,1,5,0.88,0.82,0.12,4,1.7,Medium
Debolina Roy,0,0,0,0,0,1,0.8936170213,0.92,0.9068085107,4,0.6,0.89,0.09,1,2.5,Low
Srushti Kulkarni,1,0,0,0,0,0,1,0.8,0.9,1,0.7,0.95,0.65,0,2.6,Low
Priya Gupta,0,1,0,0,0,0,1,0.92,0.96,2,0.91,0.75,0.92,2,2.5,Low
Bhagat Raj,0,0,1,0,0,0,1,0.92,0.96,6,0.68,0.71,0,5,3.5,Low
Tisca Chopra ,0,0,0,1,0,0,1,1,1,3,0.93,0.99,0.19,2,2.4,Low
Subramanian,0,0,0,0,1,0,0.9361702128,0.94,0.9380851064,1,0.98,0.91,0.08,3,2.9,Medium
G.Kempegowda ,0,0,0,0,0,1,0.7234042553,0.9,0.8117021277,2,1,0.78,0.39,5,3.3,Low
Vetrivel,1,0,0,0,0,0,1,0.84,0.92,2,0.62,0.99,0.03,3,2.9,Low
Rajesh Sharma ,0,1,0,0,0,0,0.829787234,1,0.914893617,1,0.88,0.81,0.09,5,3.6,Medium
Anil Chaudhary,0,0,1,0,0,0,0.8085106383,0.78,0.7942553192,1,0.8,0.91,0.12,4,3.7,Medium
Debolina Roy,0,0,0,1,0,0,0.7234042553,1,0.8617021277,1,0.8,0.93,0.11,7,3,Low
Srushti Kulkarni,0,0,0,0,1,0,0.5531914894,0.92,0.7365957447,1,0.89,0.75,0,8,2.8,Medium
Priya Gupta,0,0,0,0,0,1,0.829787234,0.62,0.724893617,4,0.61,0.99,0.82,3,3.3,Medium
Bhagat Raj,1,0,0,0,0,0,0.6808510638,0.68,0.6804255319,3,0.91,0.98,0.53,4,2.5,Medium
Tisca Chopra ,0,1,0,0,0,0,0.8085106383,0.74,0.7742553192,5,0.99,0.9,0.71,3,2.7,Medium
Subramanian,0,0,1,0,0,0,1,1,1,5,0.76,0.92,0.69,5,2.5,Medium
G.Kempegowda ,0,0,0,1,0,0,0.5957446809,0.74,0.6678723405,3,0.68,0.9,0.08,4,3.1,Low
Vetrivel,0,0,0,0,1,0,0.8510638298,0.72,0.7855319149,1,0.95,0.92,0.02,0,3.6,Low
Rajesh Sharma ,0,0,0,0,0,1,0.7446808511,0.98,0.8623404256,1,0.62,0.83,0.24,3,1.8,Low
Anil Chaudhary,1,0,0,0,0,0,0.7872340426,0.76,0.7736170213,1,0.84,0.88,0.15,4,3,Low
Debolina Roy,0,1,0,0,0,0,0.5744680851,1,0.7872340426,2,0.94,0.87,0.1,5,3.3,High
Srushti Kulkarni,0,0,1,0,0,0,1,0.88,0.94,1,0.84,0.71,0.45,1,2.4,Medium
Priya Gupta,0,0,0,1,0,0,0.9787234043,1,0.9893617022,1,0.95,0.77,0.1,2,3.1,Medium
Bhagat Raj,0,0,0,0,1,0,1,1,1,6,0.73,0.82,0.88,3,2.8,Medium
Tisca Chopra ,0,0,0,0,0,1,0.7021276596,0.78,0.7410638298,5,0.65,0.78,0.04,4,3.1,Low
Subramanian,1,0,0,0,0,0,0.8936170213,1,0.9468085107,3,0.62,0.92,0.45,0,2.9,Medium
G.Kempegowda ,0,1,0,0,0,0,1,0.48,0.74,4,0.78,0.79,0.28,4,2.4,Low
Vetrivel,0,0,1,0,0,0,0.9574468085,0.72,0.8387234043,1,0.79,0.74,0.16,7,4,Medium
Rajesh Sharma ,0,0,0,1,0,0,0.6808510638,0.82,0.7504255319,6,0.78,0.93,0.06,5,2.5,Medium
Anil Chaudhary,0,0,0,0,1,0,0.9361702128,0.88,0.9080851064,2,0.64,0.86,0.73,8,1.6,High
Debolina Roy,0,0,0,0,0,1,0.3829787234,0.72,0.5514893617,5,0.91,0.87,0.19,1,2.4,Medium
Srushti Kulkarni,1,0,0,0,0,0,1,0.76,0.88,2,0.76,0.73,0.74,5,2.2,Low
Priya Gupta,0,1,0,0,0,0,1,0.7,0.85,2,0.6,0.81,0.17,0,2.5,Low
Bhagat Raj,0,0,1,0,0,0,0.9787234043,1,0.9893617022,2,0.83,0.72,0.02,1,2.5,Medium
Tisca Chopra ,0,0,0,1,0,0,0.7234042553,0.76,0.7417021277,3,0.73,0.77,0.1,0,3.3,Low
Subramanian,0,0,0,0,1,0,0.8085106383,0.2,0.5042553192,5,0.82,0.78,0.06,0,3.2,Medium
G.Kempegowda ,0,0,0,0,0,1,0.7659574468,0.86,0.8129787234,5,0.64,0.75,0.68,1,3.3,Low
Vetrivel,1,0,0,0,0,0,1,1,1,1,0.72,0.8,0.24,0,4,High
Rajesh Sharma ,0,1,0,0,0,0,1,0.78,0.89,4,0.92,0.79,0.75,4,2.9,Medium
Anil Chaudhary,0,0,1,0,0,0,0.4680851064,0.64,0.5540425532,1,0.78,0.82,0.48,4,4.4,Medium
Debolina Roy,0,0,0,1,0,0,0.914893617,0.98,0.9474468085,3,0.69,0.83,0.04,0,2.7,Low
Srushti Kulkarni,0,0,0,0,1,0,0.8936170213,0.52,0.7068085107,1,0.63,0.91,0.8,4,3.1,Low
Priya Gupta,0,0,0,0,0,1,0.6382978723,0.86,0.7491489362,6,0.98,0.9,0.11,0,2.7,Medium
Bhagat Raj,1,0,0,0,0,0,0.7021276596,0.74,0.7210638298,4,0.79,0.89,0,4,3.2,Low
Tisca Chopra ,0,1,0,0,0,0,1,0.48,0.74,6,0.83,0.92,0.02,2,2.4,Medium
Subramanian,0,0,1,0,0,0,0.9787234043,0.62,0.7993617022,3,0.74,0.82,0.7,2,2.1,Medium
G.Kempegowda ,0,0,0,1,0,0,0.7446808511,0.76,0.7523404256,4,0.66,0.72,0.49,4,2.2,Medium
Vetrivel,0,0,0,0,1,0,0.6595744681,1,0.8297872341,2,0.96,0.77,0.95,3,3.6,Low
Rajesh Sharma ,0,0,0,0,0,1,1,0.92,0.96,2,0.75,0.81,0.06,4,2.7,Medium
Anil Chaudhary,1,0,0,0,0,0,0.4042553191,0.52,0.4621276596,2,0.89,0.77,0.42,5,3.1,Medium
Debolina Roy,0,1,0,0,0,0,0.4893617021,0.66,0.5746808511,1,0.71,0.9,0.01,2,3.6,Low
Srushti Kulkarni,0,0,1,0,0,0,1,1,1,3,0.82,0.74,0.18,3,2.7,Medium
Priya Gupta,0,0,0,1,0,0,1,0.82,0.91,4,0.64,0.9,0.3,3,3,Medium
Bhagat Raj,0,0,0,0,1,0,1,0.84,0.92,1,0.84,0.75,0.29,1,3.1,Low
Tisca Chopra ,0,0,0,0,0,1,0.2553191489,0.76,0.5076595745,5,0.86,0.94,0.09,2,3.2,Low
Subramanian,1,0,0,0,0,0,0.7446808511,0.68,0.7123404256,2,0.9,0.84,0.08,3,3,Medium
G.Kempegowda ,0,1,0,0,0,0,0.7872340426,0.6,0.6936170213,4,0.92,0.95,0.2,2,3.9,Low
Vetrivel,0,0,1,0,0,0,0.5531914894,0.78,0.6665957447,1,0.9,0.85,0.19,1,2.5,Low
Rajesh Sharma ,0,0,0,1,0,0,0.4468085106,1,0.7234042553,5,0.9,0.71,0.44,3,3.9,Medium
Anil Chaudhary,0,0,0,0,1,0,0.829787234,0.78,0.804893617,5,0.83,0.77,0.34,3,3.7,Medium
Debolina Roy,0,0,0,0,0,1,1,0.8,0.9,4,0.82,0.81,0.03,2,2.8,Low
Srushti Kulkarni,1,0,0,0,0,0,0.4893617021,0.8,0.6446808511,1,0.92,0.78,0.01,2,1.9,Medium
Priya Gupta,0,1,0,0,0,0,0.7234042553,0.56,0.6417021277,1,0.62,0.76,0.14,2,2.5,Medium
Bhagat Raj,0,0,1,0,0,0,0.7872340426,0.9,0.8436170213,2,0.66,0.72,0.72,3,3.8,Low
Tisca Chopra ,0,0,0,1,0,0,1,1,1,1,0.78,0.9,0.35,6,4.3,Low
Subramanian,0,0,0,0,1,0,0.8936170213,0.84,0.8668085107,1,0.79,0.96,0.1,4,2.8,Low
G.Kempegowda ,0,0,0,0,0,1,0.5319148936,0.4,0.4659574468,2,0.84,0.78,0.19,1,3,Medium
Vetrivel,1,0,0,0,0,0,0.2765957447,0.26,0.2682978724,4,0.78,0.95,0.24,4,3.9,Low
Rajesh Sharma ,0,1,0,0,0,0,0.4680851064,0.66,0.5640425532,4,0.82,0.81,0.61,3,4.7,Medium
Anil Chaudhary,0,0,1,0,0,0,1,1,1,3,0.71,0.89,0.3,5,3.6,Medium
Debolina Roy,0,0,0,1,0,0,0.7446808511,0.08,0.4123404256,2,0.71,0.77,0.01,4,2.7,High
Srushti Kulkarni,0,0,0,0,1,0,1,1,1,4,0.66,0.73,0.24,4,4,Low
Priya Gupta,0,0,0,0,0,1,0.5957446809,0.58,0.5878723405,3,0.62,0.75,0.98,2,2.3,Low
Bhagat Raj,1,0,0,0,0,0,0.6808510638,0.84,0.7604255319,3,0.68,0.84,0.32,5,1.8,Low
Tisca Chopra ,0,1,0,0,0,0,0.9787234043,0.86,0.9193617022,6,0.87,0.8,0.68,6,2.9,Medium
Subramanian,0,0,1,0,0,0,0.3617021277,0.7,0.5308510639,1,0.67,0.86,0.22,5,3.6,Low
G.Kempegowda ,0,0,0,1,0,0,1,0.48,0.74,1,0.78,0.86,0.06,2,2.6,Low
Vetrivel,0,0,0,0,1,0,0.7021276596,0.7,0.7010638298,5,0.93,0.92,0.12,2,1.8,Medium
Rajesh Sharma ,0,0,0,0,0,1,0.9787234043,0.58,0.7793617022,1,0.72,0.73,0.11,1,2.9,Low
Anil Chaudhary,1,0,0,0,0,0,0.6382978723,0.62,0.6291489362,3,0.63,0.94,0.71,3,3,Medium
Debolina Roy,0,1,0,0,0,0,1,0.86,0.93,1,0.98,0.96,0.39,6,3.1,Medium
Srushti Kulkarni,0,0,1,0,0,0,0.8723404255,1,0.9361702128,4,0.94,0.96,0,4,3.4,Medium
Priya Gupta,0,0,0,1,0,0,0.6382978723,0.98,0.8091489362,1,0.62,1,0.15,2,2.6,Low
Bhagat Raj,0,0,0,0,1,0,1,0.82,0.91,4,0.69,0.89,0.02,4,2.6,Low
Tisca Chopra ,0,0,0,0,0,1,0.5957446809,0.56,0.5778723405,1,0.7,0.94,0.54,6,3,Low
Subramanian,1,0,0,0,0,0,0.4255319149,0.84,0.6327659575,1,0.78,0.76,0.87,2,2.6,Medium
G.Kempegowda ,0,1,0,0,0,0,1,0.9,0.95,4,0.67,0.75,0.01,1,3,High
Vetrivel,0,0,1,0,0,0,0.7021276596,0.56,0.6310638298,5,0.95,0.88,0.35,3,3,Medium
Rajesh Sharma ,0,0,0,1,0,0,0.7021276596,0.68,0.6910638298,2,0.79,0.81,0.86,0,3.8,Low
Anil Chaudhary,0,0,0,0,1,0,0.9361702128,0.86,0.8980851064,2,0.71,0.98,0.4,0,2.6,Medium
Debolina Roy,0,0,0,0,0,1,0.6595744681,0.8,0.7297872341,4,0.74,0.78,0.01,0,3.3,Low
Srushti Kulkarni,1,0,0,0,0,0,0.8936170213,0.66,0.7768085107,2,0.62,0.9,0.49,0,3.8,Low
Priya Gupta,0,1,0,0,0,0,0.8936170213,0.84,0.8668085107,4,0.73,0.82,0.05,4,3.6,Medium
Bhagat Raj,0,0,1,0,0,0,0.829787234,1,0.914893617,3,0.88,0.9,0.18,6,3.5,Medium
Tisca Chopra ,0,0,0,1,0,0,0.5744680851,0.9,0.7372340426,1,0.83,0.88,0.02,4,2.2,Low
Subramanian,0,0,0,0,1,0,0.7021276596,0.64,0.6710638298,1,0.62,0.73,0.88,0,3.5,Medium
G.Kempegowda ,0,0,0,0,0,1,1,0.96,0.98,2,0.97,0.98,0.96,5,2.7,Low
Vetrivel,1,0,0,0,0,0,0.6808510638,0.96,0.8204255319,3,0.81,0.89,0.06,2,3.6,Low
Rajesh Sharma ,0,1,0,0,0,0,1,0.66,0.83,2,0.65,0.9,0.08,7,2,Low
Anil Chaudhary,0,0,1,0,0,0,0.8085106383,0.4,0.6042553192,2,0.68,0.92,0,2,2.2,Low
Debolina Roy,0,0,0,1,0,0,0.6808510638,0.92,0.8004255319,2,0.72,0.86,0.66,8,3.1,Medium
Srushti Kulkarni,0,0,0,0,1,0,1,0.64,0.82,3,0.7,0.86,0.43,0,2.4,Low
Priya Gupta,0,0,0,0,0,1,0.5957446809,0.76,0.6778723405,6,0.95,0.98,0.61,0,2.4,Medium
Bhagat Raj,1,0,0,0,0,0,1,0.78,0.89,3,0.72,0.98,0.68,1,3.8,Medium
Tisca Chopra ,0,1,0,0,0,0,0.4042553191,1,0.7021276596,1,0.88,0.73,0.48,3,2.6,High
Subramanian,0,0,1,0,0,0,0.7659574468,0.92,0.8429787234,3,0.74,0.91,0.3,2,3.4,Medium
G.Kempegowda ,0,0,0,1,0,0,0.9787234043,0.9,0.9393617022,1,0.86,0.91,0.32,2,2.4,Low
Vetrivel,0,0,0,0,1,0,1,1,1,1,0.87,0.87,0,5,3.6,Low
Rajesh Sharma ,0,0,0,0,0,1,0.8510638298,1,0.9255319149,3,0.66,0.82,0.02,2,1.9,Low
Anil Chaudhary,1,0,0,0,0,0,1,1,1,4,0.72,0.79,0.08,5,4.2,Medium
Debolina Roy,0,1,0,0,0,0,1,0.66,0.83,6,0.77,0.78,0,0,4,Medium
Srushti Kulkarni,0,0,1,0,0,0,1,0.98,0.99,2,0.95,0.74,0.33,1,2.9,Medium
Priya Gupta,0,0,0,1,0,0,1,1,1,3,0.9,0.86,0.22,4,3.3,Medium
Bhagat Raj,0,0,0,0,1,0,0.7872340426,0.92,0.8536170213,2,0.76,0.95,0.35,5,2.9,Medium
Tisca Chopra ,0,0,0,0,0,1,0.829787234,0.84,0.834893617,3,0.83,0.97,0,2,2.4,Low
Subramanian,1,0,0,0,0,0,0.7446808511,0.76,0.7523404256,6,0.72,0.84,0.79,1,3.8,Medium
G.Kempegowda ,0,1,0,0,0,0,0.829787234,0.64,0.734893617,5,0.96,0.86,0.52,0,3.4,Medium
Vetrivel,0,0,1,0,0,0,0.9787234043,0.9,0.9393617022,2,0.81,0.85,0.44,1,2,Low
Rajesh Sharma ,0,0,0,1,0,0,1,0.98,0.99,2,0.91,0.94,0.01,5,3.5,Medium
Anil Chaudhary,0,0,0,0,1,0,1,0.8,0.9,3,0.73,0.93,0.64,0,3.2,Medium
Debolina Roy,0,0,0,0,0,1,0.6595744681,0.6,0.6297872341,1,0.89,0.95,0.05,1,2.7,Medium
Srushti Kulkarni,1,0,0,0,0,0,0.7446808511,0.58,0.6623404256,2,1,0.98,0.86,0,2.5,Low
Priya Gupta,0,1,0,0,0,0,1,1,1,1,0.92,0.77,0.05,1,3.7,Low
Bhagat Raj,0,0,1,0,0,0,0.7446808511,1,0.8723404256,1,0.62,0.77,0.51,2,3.9,Low
Tisca Chopra ,0,0,0,1,0,0,0.5319148936,0.5,0.5159574468,4,0.67,0.96,0.05,3,3.3,Medium
Subramanian,0,0,0,0,1,0,0.914893617,0.96,0.9374468085,4,0.62,0.75,0.92,2,2.9,Medium
G.Kempegowda ,0,0,0,0,0,1,0.4893617021,0.66,0.5746808511,3,0.93,0.99,0.79,7,3.4,Low
Vetrivel,1,0,0,0,0,0,0.7872340426,0.96,0.8736170213,4,0.96,0.86,0.88,2,3.5,Low
Rajesh Sharma ,0,1,0,0,0,0,1,0.84,0.92,1,0.79,0.72,0.73,3,1.8,Low
Anil Chaudhary,0,0,1,0,0,0,1,1,1,4,0.96,0.88,0.58,2,3.5,Medium
Debolina Roy,0,0,0,1,0,0,0.9787234043,0.84,0.9093617022,5,0.6,0.73,0.31,2,3,Medium
Srushti Kulkarni,0,0,0,0,1,0,0.9787234043,0.8,0.8893617022,1,0.93,0.94,0.38,2,2.7,High
Priya Gupta,0,0,0,0,0,1,1,0.62,0.81,1,0.82,0.8,0.47,3,3.4,Medium
Bhagat Raj,1,0,0,0,0,0,0.9361702128,0.78,0.8580851064,5,0.69,0.96,0.18,4,1.7,High
Tisca Chopra ,0,1,0,0,0,0,1,0.76,0.88,2,0.78,0.85,0.44,4,2.4,Low
Subramanian,0,0,1,0,0,0,1,1,1,2,0.66,0.93,0.46,2,4.5,Low
G.Kempegowda ,0,0,0,1,0,0,1,0.68,0.84,1,0.85,0.72,0.24,5,3.7,Medium
Vetrivel,0,0,0,0,1,0,0.7234042553,0.44,0.5817021277,4,0.85,0.74,0.26,5,2,Medium
Rajesh Sharma ,0,0,0,0,0,1,1,1,1,4,0.69,0.83,0.83,2,1.6,Low
Anil Chaudhary,1,0,0,0,0,0,1,0.96,0.98,2,0.62,0.83,0.49,2,3.4,Medium
Debolina Roy,0,1,0,0,0,0,1,0.86,0.93,2,0.74,0.97,0.22,4,3.5,Low
Srushti Kulkarni,0,0,1,0,0,0,1,0.66,0.83,5,0.88,0.77,0.81,4,2.7,Low
Priya Gupta,0,0,0,1,0,0,1,1,1,3,0.87,0.98,0.79,0,3.7,Medium
Bhagat Raj,0,0,0,0,1,0,0.4680851064,0.98,0.7240425532,1,0.73,0.74,0.02,5,2.7,Medium
Tisca Chopra ,0,0,0,0,0,1,0.5106382979,0.62,0.565319149,3,0.77,0.72,0.03,5,3.3,High
Subramanian,1,0,0,0,0,0,0.5744680851,1,0.7872340426,1,0.95,0.84,0.33,3,3.4,Low
G.Kempegowda ,0,1,0,0,0,0,0.6170212766,0.74,0.6785106383,1,0.65,0.87,0.79,1,2.2,Medium
Vetrivel,0,0,1,0,0,0,1,1,1,3,0.74,0.81,0,2,3.3,High
Rajesh Sharma ,0,0,0,1,0,0,0.8085106383,0.54,0.6742553192,1,0.83,0.88,0.13,5,2.7,Medium
Anil Chaudhary,0,0,0,0,1,0,0.6808510638,0.48,0.5804255319,1,0.89,0.92,0.01,0,2.6,Low
Debolina Roy,0,0,0,0,0,1,0.9361702128,0.76,0.8480851064,6,0.81,0.9,0.88,4,3.6,Low
Srushti Kulkarni,1,0,0,0,0,0,0.7659574468,0.74,0.7529787234,4,0.78,0.94,0.25,0,2.5,Medium
Priya Gupta,0,1,0,0,0,0,0.6595744681,1,0.8297872341,2,0.62,0.98,0.56,1,3.3,High
Bhagat Raj,0,0,1,0,0,0,0.9574468085,0.52,0.7387234043,2,0.72,0.87,0.07,1,1.9,Low
Tisca Chopra ,0,0,0,1,0,0,0.7872340426,0.66,0.7236170213,3,0.9,0.8,0.36,3,3,Low
Subramanian,0,0,0,0,1,0,0.5531914894,0.64,0.5965957447,2,0.79,0.85,0.28,0,2.1,Medium
G.Kempegowda ,0,0,0,0,0,1,1,0.98,0.99,3,0.61,0.71,0,6,2.4,Medium
Vetrivel,1,0,0,0,0,0,0.6808510638,1,0.8404255319,3,0.83,0.78,0,2,3.7,Low
Rajesh Sharma ,0,1,0,0,0,0,0.8510638298,0.9,0.8755319149,2,0.91,0.86,0.75,7,3.3,Medium
Anil Chaudhary,0,0,1,0,0,0,0.7021276596,0.8,0.7510638298,2,0.82,0.97,0.5,2,3,Medium
Debolina Roy,0,0,0,1,0,0,0.914893617,1,0.9574468085,1,0.72,0.79,0.02,1,3,Low
Srushti Kulkarni,0,0,0,0,1,0,0.5319148936,0.6,0.5659574468,2,0.78,0.74,0.06,4,3.4,Medium
Priya Gupta,0,0,0,0,0,1,1,0.82,0.91,6,0.63,0.89,0.19,8,3.8,Medium
Bhagat Raj,1,0,0,0,0,0,0.6382978723,0.84,0.7391489362,2,1,0.76,0.78,3,1.8,High
Tisca Chopra ,0,1,0,0,0,0,0.829787234,0.48,0.654893617,1,0.77,0.97,0.96,3,2.3,Low
Subramanian,0,0,1,0,0,0,0.7021276596,0.92,0.8110638298,6,0.99,0.87,0.57,2,4.2,Medium
G.Kempegowda ,0,0,0,1,0,0,1,0.56,0.78,3,0.62,0.97,0.02,3,2.2,Low
Vetrivel,0,0,0,0,1,0,0.7872340426,0.6,0.6936170213,1,0.97,0.89,0.02,4,2.5,Medium
Rajesh Sharma ,0,0,0,0,0,1,0.7446808511,0.96,0.8523404256,3,0.65,0.72,0.04,2,1.9,Low
Anil Chaudhary,1,0,0,0,0,0,0.9361702128,0.74,0.8380851064,3,0.67,0.84,0.6,2,2.9,Medium
Debolina Roy,0,1,0,0,0,0,0.5744680851,0.32,0.4472340426,6,0.88,0.74,0.6,5,3.3,Medium
Srushti Kulkarni,0,0,1,0,0,0,0.8723404255,0.96,0.9161702128,2,0.69,0.92,0.44,3,2.7,Medium
Priya Gupta,0,0,0,1,0,0,0.8510638298,0.94,0.8955319149,4,0.91,0.97,0.06,1,2.9,Low
Bhagat Raj,0,0,0,0,1,0,0.3829787234,0.88,0.6314893617,2,0.82,0.9,0.06,5,2.9,Low
Tisca Chopra ,0,0,0,0,0,1,1,1,1,3,0.99,0.7,0.17,1,3.2,Low
Subramanian,1,0,0,0,0,0,1,1,1,3,0.97,0.83,0.07,0,3.2,Low
G.Kempegowda ,0,1,0,0,0,0,0.6595744681,1,0.8297872341,5,0.74,0.81,0.01,4,2.1,Medium
Vetrivel,0,0,1,0,0,0,0.9361702128,0.96,0.9480851064,3,0.72,0.9,0.85,4,4.2,Medium
Rajesh Sharma ,0,0,0,1,0,0,0.7446808511,0.48,0.6123404256,6,0.78,0.75,0.64,6,4.7,Medium
Anil Chaudhary,0,0,0,0,1,0,1,1,1,5,0.99,0.94,0.48,0,2.8,Medium
Debolina Roy,0,0,0,0,0,1,1,1,1,1,0.95,0.86,0.02,3,2.5,Low
Srushti Kulkarni,1,0,0,0,0,0,1,0.5,0.75,5,0.85,0.87,0.04,2,3.5,Medium
Priya Gupta,0,1,0,0,0,0,1,0.82,0.91,2,0.67,0.98,0.17,5,3,Low
Bhagat Raj,0,0,1,0,0,0,0.7234042553,0.82,0.7717021277,1,0.74,0.86,0.18,1,3.9,Low
Tisca Chopra ,0,0,0,1,0,0,0.6170212766,0.46,0.5385106383,1,0.96,0.96,0.18,6,2,Medium
Subramanian,0,0,0,0,1,0,1,0.96,0.98,1,0.72,0.73,0.05,0,2.5,Low
G.Kempegowda ,0,0,0,0,0,1,0.5744680851,0.26,0.4172340426,1,0.78,0.89,0.67,4,4,Medium
Vetrivel,1,0,0,0,0,0,0.6808510638,0.8,0.7404255319,1,0.86,0.92,0.1,1,3.5,Medium
Rajesh Sharma ,0,1,0,0,0,0,1,1,1,1,0.8,0.87,0.09,3,3.1,Low
Anil Chaudhary,0,0,1,0,0,0,1,0.92,0.96,2,0.76,0.92,0.64,3,2.7,Low
Debolina Roy,0,0,0,1,0,0,1,1,1,2,0.87,0.85,0.8,1,2.7,Low
Srushti Kulkarni,0,0,0,0,1,0,1,0.96,0.98,1,0.75,0.9,0.08,0,2.6,Medium
Priya Gupta,0,0,0,0,0,1,1,0.66,0.83,3,0.62,0.98,0,4,2.9,Medium
Bhagat Raj,1,0,0,0,0,0,1,1,1,2,0.96,0.74,0.19,5,2.2,Medium
Tisca Chopra ,0,1,0,0,0,0,1,1,1,2,0.75,0.97,0.59,7,3.5,Medium
Subramanian,0,0,1,0,0,0,1,1,1,5,0.76,0.97,0.32,1,2.2,Medium
G.Kempegowda ,0,0,0,1,0,0,1,1,1,1,0.69,0.92,0.67,5,4,Medium
Vetrivel,0,0,0,0,1,0,0.9787234043,0.78,0.8793617022,2,0.88,0.97,0.98,3,3.3,Medium
Rajesh Sharma ,0,0,0,0,0,1,0.7021276596,0.36,0.5310638298,5,0.93,0.95,0.87,0,2.8,Medium
Anil Chaudhary,1,0,0,0,0,0,0.7234042553,0.98,0.8517021277,1,0.95,0.74,0,5,2.7,Medium
Debolina Roy,0,1,0,0,0,0,0.5957446809,0.38,0.4878723405,2,0.82,0.72,0.01,5,3.4,Low
Srushti Kulkarni,0,0,1,0,0,0,0.7659574468,0.5,0.6329787234,6,0.64,0.81,0.6,4,2.3,Medium
Priya Gupta,0,0,0,1,0,0,1,0.9,0.95,3,0.9,0.88,0.59,0,2.7,Medium
Bhagat Raj,0,0,0,0,1,0,0.7659574468,0.7,0.7329787234,5,0.89,0.77,0.92,0,3.4,Medium
Tisca Chopra ,0,0,0,0,0,1,0.6170212766,0.9,0.7585106383,3,0.81,0.84,0.42,0,4.3,Medium
Subramanian,1,0,0,0,0,0,0.7021276596,0.98,0.8410638298,5,0.65,0.7,0.74,1,3.3,Medium
G.Kempegowda ,0,1,0,0,0,0,0.6808510638,0.52,0.6004255319,6,0.74,0.93,0,4,4.2,Medium
Vetrivel,0,0,1,0,0,0,0.4893617021,0.86,0.6746808511,4,0.74,0.8,0.79,3,2.5,Low
Rajesh Sharma ,0,0,0,1,0,0,0.2340425532,0.34,0.2870212766,6,0.97,0.85,0.13,0,2.1,Medium
Anil Chaudhary,0,0,0,0,1,0,0.5744680851,0.98,0.7772340426,2,0.8,0.89,0.08,2,3,Low
Debolina Roy,0,0,0,0,0,1,1,0.8,0.9,1,0.75,0.75,0.88,5,2,Medium
Srushti Kulkarni,1,0,0,0,0,0,0.6382978723,0.88,0.7591489362,5,0.74,0.9,0.46,4,2.8,Medium
Priya Gupta,0,1,0,0,0,0,1,1,1,6,0.83,0.96,0,2,2.2,Medium
Bhagat Raj,0,0,1,0,0,0,0.9787234043,1,0.9893617022,2,0.78,0.85,0.72,3,1.9,Low
Tisca Chopra ,0,0,0,1,0,0,0.7021276596,0.84,0.7710638298,3,0.69,0.99,0.88,2,2,Low
Subramanian,0,0,0,0,1,0,0.914893617,1,0.9574468085,1,0.97,0.82,0.12,3,2.8,Low
G.Kempegowda ,0,0,0,0,0,1,0.9361702128,1,0.9680851064,1,0.96,0.85,0.39,5,2.4,Low
Vetrivel,1,0,0,0,0,0,0.9361702128,0.46,0.6980851064,2,0.97,0.76,0.27,5,2.9,Low
Rajesh Sharma ,0,1,0,0,0,0,0.4468085106,1,0.7234042553,5,0.78,0.73,0.78,2,1.6,Medium
Anil Chaudhary,0,0,1,0,0,0,1,1,1,1,0.75,0.76,0.02,4,2.4,Medium
Debolina Roy,0,0,0,1,0,0,1,1,1,3,0.68,0.82,0.04,0,4.1,Low
Srushti Kulkarni,0,0,0,0,1,0,0.3829787234,0.4,0.3914893617,3,0.74,0.8,0.02,2,3.3,Low
Priya Gupta,0,0,0,0,0,1,1,1,1,5,0.82,0.73,0.08,2,3.7,Low
Bhagat Raj,1,0,0,0,0,0,0.914893617,0.94,0.9274468085,6,0.98,0.81,0.04,2,3.3,Medium
Tisca Chopra ,0,1,0,0,0,0,0.9361702128,0.64,0.7880851064,1,1,0.9,0.05,0,3.9,Medium
Subramanian,0,0,1,0,0,0,0.829787234,1,0.914893617,3,0.79,0.71,0.49,2,1.8,Low
G.Kempegowda ,0,0,0,1,0,0,1,0.84,0.92,3,0.99,0.9,0.19,2,4.4,Medium
Vetrivel,0,0,0,0,1,0,1,0.66,0.83,4,0.7,0.86,0.23,6,3.7,Medium
Rajesh Sharma ,0,0,0,0,0,1,0.8085106383,0.78,0.7942553192,5,0.87,0.97,0.78,3,2,Medium
Anil Chaudhary,1,0,0,0,0,0,0.8936170213,0.82,0.8568085107,2,0.91,0.81,0.16,3,3.5,Low
Debolina Roy,0,1,0,0,0,0,0.4680851064,0.82,0.6440425532,1,0.8,0.9,0.89,4,1.9,Medium
Srushti Kulkarni,0,0,1,0,0,0,0.8510638298,0.96,0.9055319149,3,0.77,0.97,0,4,3.6,Medium
Priya Gupta,0,0,0,1,0,0,1,0.82,0.91,4,0.9,0.79,0.9,3,3.6,Medium
Bhagat Raj,0,0,0,0,1,0,1,0.88,0.94,2,0.84,0.95,0.59,3,3.4,Low
Tisca Chopra ,0,0,0,0,0,1,0.4680851064,0.86,0.6640425532,3,0.69,0.85,0.46,2,3.5,Low
Subramanian,1,0,0,0,0,0,0.6808510638,0.8,0.7404255319,2,0.94,0.74,0.02,0,4.3,Medium
G.Kempegowda ,0,1,0,0,0,0,0.6595744681,0.8,0.7297872341,3,0.74,0.79,0,7,2.8,Low
Vetrivel,0,0,1,0,0,0,0.7021276596,0.7,0.7010638298,2,0.94,0.94,0.5,2,3.3,Medium
Rajesh Sharma ,0,0,0,1,0,0,1,0.66,0.83,6,0.63,0.74,0.01,3,2.8,Low
Anil Chaudhary,0,0,0,0,1,0,0.7659574468,0.82,0.7929787234,3,0.67,0.74,0.17,2,2.9,Medium
Debolina Roy,0,0,0,0,0,1,0.7234042553,1,0.8617021277,2,0.61,0.73,0.01,1,2.3,Medium
Srushti Kulkarni,1,0,0,0,0,0,0.7872340426,0.92,0.8536170213,5,0.97,0.95,0.07,2,2.7,Medium
Priya Gupta,0,1,0,0,0,0,0.4680851064,0.66,0.5640425532,5,0.85,0.76,0.09,0,4.2,Medium
Bhagat Raj,0,0,1,0,0,0,1,1,1,1,0.87,0.83,0.8,0,3,Medium
Tisca Chopra ,0,0,0,1,0,0,0.4468085106,0.9,0.6734042553,6,0.69,0.79,0.65,0,3.3,Low
Subramanian,0,0,0,0,1,0,0.914893617,0.92,0.9174468085,3,0.91,0.8,0.12,4,3.4,Low
G.Kempegowda ,0,0,0,0,0,1,0.4680851064,0.58,0.5240425532,6,0.75,0.87,0.49,2,3.1,High
Vetrivel,1,0,0,0,0,0,1,0.48,0.74,5,0.77,0.71,0,5,3.7,Low
Rajesh Sharma ,0,1,0,0,0,0,0.2978723404,0.9,0.5989361702,2,0.79,0.87,0.1,0,2.4,Low
Anil Chaudhary,0,0,1,0,0,0,0.9361702128,0.9,0.9180851064,6,0.98,0.85,0.88,3,1.5,High
Debolina Roy,0,0,0,1,0,0,0.7659574468,0.68,0.7229787234,2,0.78,0.87,0.58,2,2.4,Medium
Srushti Kulkarni,0,0,0,0,1,0,0.5744680851,0.66,0.6172340426,4,0.62,0.93,0.66,3,3.5,Medium
Priya Gupta,0,0,0,0,0,1,0.9361702128,0.82,0.8780851064,1,0.7,0.78,0.81,1,2.1,Medium
Bhagat Raj,1,0,0,0,0,0,0.2553191489,0.46,0.3576595745,5,0.71,0.87,0.53,2,2.9,Medium
Tisca Chopra ,0,1,0,0,0,0,0.9361702128,0.88,0.9080851064,6,0.76,0.93,0.75,4,2.4,Medium
Subramanian,0,0,1,0,0,0,0.7872340426,0.82,0.8036170213,5,0.69,0.94,0.07,4,4.1,Low
G.Kempegowda ,0,0,0,1,0,0,1,0.98,0.99,2,0.89,0.97,0.6,5,3.8,Low
Vetrivel,0,0,0,0,1,0,0.829787234,0.26,0.544893617,2,0.81,0.97,0.1,4,2.5,High
Rajesh Sharma ,0,0,0,0,0,1,1,1,1,3,0.96,0.93,0.9,2,3.2,Medium
Anil Chaudhary,1,0,0,0,0,0,0.9361702128,0.68,0.8080851064,3,0.63,0.89,1,2,3.8,Medium
Debolina Roy,0,1,0,0,0,0,1,1,1,1,0.85,0.86,0.46,5,3.2,Medium
Srushti Kulkarni,0,0,1,0,0,0,0.829787234,0.96,0.894893617,1,0.92,0.7,0.64,6,2.6,Low
Priya Gupta,0,0,0,1,0,0,0.9361702128,0.6,0.7680851064,1,0.88,0.98,0.21,1,2.3,Medium
Bhagat Raj,0,0,0,0,1,0,0.8510638298,0.64,0.7455319149,1,0.61,0.89,0.56,5,3.8,Medium
Tisca Chopra ,0,0,0,0,0,1,0.6382978723,1,0.8191489362,6,0.83,0.95,0.07,0,2.2,Low
Subramanian,1,0,0,0,0,0,1,0.94,0.97,2,0.67,0.73,0.63,1,3.1,Low
G.Kempegowda ,0,1,0,0,0,0,1,1,1,6,0.7,0.77,0.01,3,3,Low
Vetrivel,0,0,1,0,0,0,0.7659574468,1,0.8829787234,2,0.61,0.96,0.07,3,1.9,Low
Rajesh Sharma ,0,0,0,1,0,0,0.7659574468,0.88,0.8229787234,2,0.79,0.73,0.13,1,2.1,Low
Anil Chaudhary,0,0,0,0,1,0,0.5957446809,0.74,0.6678723405,1,0.92,0.84,0.25,3,2.9,Medium
Debolina Roy,0,0,0,0,0,1,0.9361702128,0.76,0.8480851064,1,0.75,0.7,0.12,3,2.8,Low
Srushti Kulkarni,1,0,0,0,0,0,0.5744680851,0.68,0.6272340426,3,0.67,0.81,0.36,5,4,Low
Priya Gupta,0,1,0,0,0,0,0.8510638298,0.86,0.8555319149,1,0.87,0.91,0.29,1,3.5,Medium
Bhagat Raj,0,0,1,0,0,0,0.8510638298,0.7,0.7755319149,6,0.77,0.76,0.97,2,2,Medium
Tisca Chopra ,0,0,0,1,0,0,0.8510638298,1,0.9255319149,2,0.63,0.92,0.14,3,2.5,Medium
Subramanian,0,0,0,0,1,0,0.6382978723,0.62,0.6291489362,3,0.69,0.75,0.69,0,5,Medium
G.Kempegowda ,0,0,0,0,0,1,0.9361702128,0.58,0.7580851064,1,0.99,0.84,0.01,2,3.2,Medium
Vetrivel,1,0,0,0,0,0,0.914893617,1,0.9574468085,2,0.9,0.84,0.06,1,3.7,Medium
Rajesh Sharma ,0,1,0,0,0,0,1,1,1,1,0.68,0.81,0.85,2,2,Low
Anil Chaudhary,0,0,1,0,0,0,0.9361702128,0.64,0.7880851064,1,0.62,0.85,0.53,1,3.4,Low
Debolina Roy,0,0,0,1,0,0,0.6170212766,0.66,0.6385106383,2,0.8,0.86,0.21,5,3.2,Low
Srushti Kulkarni,0,0,0,0,1,0,1,0.76,0.88,3,0.8,0.82,0.1,3,2.9,Low
Priya Gupta,0,0,0,0,0,1,0.914893617,0.78,0.8474468085,5,0.84,0.86,0.03,4,2.2,Low
Bhagat Raj,1,0,0,0,0,0,1,0.88,0.94,2,0.7,0.88,0.81,2,2.9,Medium
Tisca Chopra ,0,1,0,0,0,0,0.7659574468,1,0.8829787234,1,0.68,0.78,0.59,2,2.8,Low
Subramanian,0,0,1,0,0,0,1,0.94,0.97,2,0.6,0.88,0.17,1,4.7,High
G.Kempegowda ,0,0,0,1,0,0,0.9574468085,0.84,0.8987234043,2,0.64,0.92,0.15,4,3.7,Medium
Vetrivel,0,0,0,0,1,0,0.7872340426,0.6,0.6936170213,3,0.83,0.92,0.05,2,2,Low
Rajesh Sharma ,0,0,0,0,0,1,1,0.78,0.89,1,0.61,0.81,0.74,0,1.9,High
Anil Chaudhary,1,0,0,0,0,0,0.9574468085,0.94,0.9487234043,3,0.85,0.88,0.02,0,2,High
Debolina Roy,0,1,0,0,0,0,1,0.52,0.76,3,0.73,0.71,0.1,4,2,Low
Srushti Kulkarni,0,0,1,0,0,0,0.5106382979,0.38,0.445319149,2,0.86,0.91,0.44,4,2.6,Low
Priya Gupta,0,0,0,1,0,0,0.5744680851,0.88,0.7272340426,3,0.96,0.82,0,5,3.6,Medium
Bhagat Raj,0,0,0,0,1,0,0.6170212766,1,0.8085106383,1,0.95,0.78,0.24,7,1.8,High
Tisca Chopra ,0,0,0,0,0,1,0.9787234043,0.7,0.8393617022,2,0.96,0.94,0.26,2,1.6,Low
Subramanian,1,0,0,0,0,0,1,0.68,0.84,3,0.89,0.77,0,1,4.1,Medium
G.Kempegowda ,0,1,0,0,0,0,0.7021276596,1,0.8510638298,1,0.62,0.74,0.77,5,1.9,Medium
Vetrivel,0,0,1,0,0,0,0.5531914894,0.58,0.5665957447,2,0.73,0.77,0.74,0,2.8,Low
Rajesh Sharma ,0,0,0,1,0,0,0.2978723404,0.48,0.3889361702,1,0.83,0.71,0.19,7,3.4,Low
Anil Chaudhary,0,0,0,0,1,0,1,1,1,3,0.73,0.97,0,2,4.2,Medium
Debolina Roy,0,0,0,0,0,1,1,0.98,0.99,2,0.81,0.8,0.45,5,3.4,Low
Srushti Kulkarni,1,0,0,0,0,0,1,0.5,0.75,3,0.88,0.87,0.02,5,2.8,High
Priya Gupta,0,1,0,0,0,0,0.7021276596,0.6,0.6510638298,4,0.67,0.95,0.88,4,1.9,Medium
Bhagat Raj,0,0,1,0,0,0,0.7872340426,1,0.8936170213,1,0.81,0.9,0.33,6,1.6,Medium
Tisca Chopra ,0,0,0,1,0,0,0.6170212766,0.84,0.7285106383,2,0.65,0.95,0.94,1,3.6,Medium
Subramanian,0,0,0,0,1,0,0.7234042553,0.88,0.8017021277,2,0.74,0.85,0.66,2,3.4,Low
G.Kempegowda ,0,0,0,0,0,1,1,0.84,0.92,5,0.98,0.87,0.05,6,3.1,Medium
Vetrivel,1,0,0,0,0,0,0.6382978723,0.82,0.7291489362,2,0.8,0.72,0.11,6,3.1,Medium
Rajesh Sharma ,0,1,0,0,0,0,0.8085106383,0.6,0.7042553192,4,0.76,0.9,0.08,5,2.4,Low
Anil Chaudhary,0,0,1,0,0,0,0.6808510638,1,0.8404255319,1,0.84,0.9,0.15,8,4.1,Medium
Debolina Roy,0,0,0,1,0,0,1,1,1,1,0.99,0.89,0.13,0,3.3,Low
Srushti Kulkarni,0,0,0,0,1,0,1,1,1,6,0.6,0.79,0.21,7,2.6,Low
Priya Gupta,0,0,0,0,0,1,0.8936170213,1,0.9468085107,1,0.8,0.76,0.53,2,3.8,Low
Bhagat Raj,1,0,0,0,0,0,0.829787234,0.88,0.854893617,6,0.93,0.7,0.92,5,2.9,Medium
Tisca Chopra ,0,1,0,0,0,0,0.7234042553,0.76,0.7417021277,1,0.92,0.86,0.5,7,2.8,Medium
Subramanian,0,0,1,0,0,0,1,0.76,0.88,1,0.72,0.78,0.03,4,2.5,Low
G.Kempegowda ,0,0,0,1,0,0,0.829787234,0.86,0.844893617,5,0.62,0.94,0.05,5,2.7,High
Vetrivel,0,0,0,0,1,0,0.8085106383,1,0.9042553192,2,0.66,0.92,0.68,8,3.5,Medium
Rajesh Sharma ,0,0,0,0,0,1,1,0.74,0.87,2,0.68,0.93,0,3,2.5,Low
Anil Chaudhary,1,0,0,0,0,0,0.7659574468,0.58,0.6729787234,2,0.78,0.89,0,5,4.2,Low
Debolina Roy,0,1,0,0,0,0,0.5106382979,0.68,0.595319149,1,0.95,0.76,0.18,2,2.6,Medium
Srushti Kulkarni,0,0,1,0,0,0,0.7234042553,1,0.8617021277,2,0.94,0.85,0.32,0,2.2,Medium
Priya Gupta,0,0,0,1,0,0,1,0.98,0.99,2,0.7,0.91,0.04,5,3.8,Medium
Bhagat Raj,0,0,0,0,1,0,0.5744680851,0.72,0.6472340426,2,0.8,0.73,0.02,5,1.5,High
Tisca Chopra ,0,0,0,0,0,1,0.4255319149,0.44,0.4327659575,1,0.8,0.71,0.77,5,2.8,Medium
Subramanian,1,0,0,0,0,0,1,0.78,0.89,6,0.68,0.88,0.2,3,2.8,Low
G.Kempegowda ,0,1,0,0,0,0,0.6595744681,0.38,0.5197872341,2,0.71,0.72,0.31,7,2,Medium
Vetrivel,0,0,1,0,0,0,1,0.94,0.97,2,0.72,0.71,0.72,0,3.5,Medium
Rajesh Sharma ,0,0,0,1,0,0,0.6170212766,1,0.8085106383,1,0.71,0.74,0.57,5,3.4,Medium
Anil Chaudhary,0,0,0,0,1,0,0.5744680851,1,0.7872340426,1,0.69,0.83,0.18,5,2.8,Medium
Debolina Roy,0,0,0,0,0,1,0.8723404255,0.52,0.6961702128,5,0.98,0.8,0.96,1,2.8,High
Srushti Kulkarni,1,0,0,0,0,0,1,0.62,0.81,5,0.76,0.96,0.22,3,3,Medium
Priya Gupta,0,1,0,0,0,0,0.2978723404,0.6,0.4489361702,6,0.87,0.81,0.92,3,2.9,High
Bhagat Raj,0,0,1,0,0,0,0.7234042553,0.98,0.8517021277,2,0.97,0.78,0.21,4,3.5,Medium
Tisca Chopra ,0,0,0,1,0,0,1,1,1,3,0.73,0.9,0.27,3,4.1,Medium
Subramanian,0,0,0,0,1,0,0.6595744681,1,0.8297872341,5,0.83,0.88,0,3,3.2,Low
G.Kempegowda ,0,0,0,0,0,1,0.8723404255,0.76,0.8161702128,1,0.99,0.93,0.07,5,2.3,Medium
Vetrivel,1,0,0,0,0,0,1,1,1,1,0.65,0.74,0.15,1,2.8,Low
Rajesh Sharma ,0,1,0,0,0,0,1,0.76,0.88,4,0.84,0.99,0.48,3,3.1,Low
Anil Chaudhary,0,0,1,0,0,0,1,1,1,2,0.82,0.78,0.43,1,2.9,Medium
Debolina Roy,0,0,0,1,0,0,0.9574468085,0.48,0.7187234043,2,0.99,0.95,0.13,0,4.3,Low
Srushti Kulkarni,0,0,0,0,1,0,0.8510638298,0.68,0.7655319149,5,0.69,0.75,0.05,1,1.8,Medium
Priya Gupta,0,0,0,0,0,1,0.8936170213,0.78,0.8368085107,2,0.97,0.72,0.02,4,3.9,High
Bhagat Raj,1,0,0,0,0,0,1,1,1,1,0.82,0.71,0.01,4,2.8,Medium
Tisca Chopra ,0,1,0,0,0,0,1,0.82,0.91,6,0.97,0.98,0.13,5,2.4,Medium
Subramanian,0,0,1,0,0,0,0.8936170213,0.52,0.7068085107,2,0.68,0.83,0.02,3,3.8,Low
G.Kempegowda ,0,0,0,1,0,0,1,1,1,4,0.78,0.88,0,8,3.1,Medium
Vetrivel,0,0,0,0,1,0,0.6595744681,0.7,0.6797872341,2,0.77,0.97,0.03,5,4.2,Low
Rajesh Sharma ,0,0,0,0,0,1,1,0.9,0.95,1,0.81,0.91,0.37,2,2.4,Medium
Anil Chaudhary,1,0,0,0,0,0,1,0.6,0.8,4,0.77,0.97,0.06,8,3.3,Low
Debolina Roy,0,1,0,0,0,0,1,0.56,0.78,1,0.72,0.75,0.14,3,3.4,Medium
Srushti Kulkarni,0,0,1,0,0,0,1,1,1,1,0.62,0.92,0.09,4,2.6,Medium
Priya Gupta,0,0,0,1,0,0,0.8723404255,0.7,0.7861702128,1,0.96,1,0.02,2,2.6,Medium